Date,PnL
2009-01-02,-456.42
2009-01-04,-376.48
2009-01-05,1686.36
2009-01-06,4074.11
2009-01-07,2539.52
2009-01-08,2186.72
2009-01-09,2827.57
2009-01-11,2725.38
2009-01-12,2256.70
2009-01-13,2250.68
2009-01-14,1897.58
2009-01-15,2845.45
2009-01-16,1797.87
2009-01-18,2159.58
2009-01-19,1552.98
2009-01-20,2566.56
2009-01-21,2412.62
2009-01-22,3195.07
2009-01-23,5056.63
2009-01-25,4834.26
2009-01-26,4448.94
2009-01-27,4709.55
2009-01-28,4942.21
2009-01-29,5101.26
2009-01-30,5491.69
2009-02-01,5398.34
2009-02-02,4731.15
2009-02-03,4396.62
2009-02-04,5694.11
2009-02-05,5810.68
2009-02-06,7153.84
2009-02-08,7129.78
2009-02-09,7793.27
2009-02-10,6116.06
2009-02-11,5820.64
2009-02-12,6421.35
2009-02-13,6870.33
2009-02-15,6436.26
2009-02-16,6148.45
2009-02-17,6691.74
2009-02-18,7128.70
2009-02-19,6268.59
2009-02-20,7466.18
2009-02-22,7363.69
2009-02-23,8192.12
2009-02-24,7933.91
2009-02-25,8486.75
2009-02-26,8249.40
2009-02-27,8623.16
2009-03-01,8395.20
2009-03-02,7677.10
2009-03-03,7947.17
2009-03-04,8490.40
2009-03-05,9406.28
2009-03-06,8307.74
2009-03-08,8288.40
2009-03-09,6961.73
2009-03-10,5804.86
2009-03-11,5744.79
2009-03-12,5774.61
2009-03-13,6198.33
2009-03-15,6194.99
2009-03-16,6118.83
2009-03-17,6568.07
2009-03-18,6884.52
2009-03-19,6282.22
2009-03-20,7042.74
2009-03-22,7062.65
2009-03-23,8479.24
2009-03-24,8829.54
2009-03-25,9049.46
2009-03-26,8953.12
2009-03-27,10818.18
2009-03-29,10818.18
2009-03-30,11374.40
2009-03-31,11493.81
2009-04-01,11612.28
2009-04-02,11103.85
2009-04-03,10787.90
2009-04-05,10787.90
2009-04-06,10997.87
2009-04-07,11618.58
2009-04-08,11642.25
2009-04-09,11839.90
2009-04-10,12037.56
2009-04-12,12037.56
2009-04-13,11779.35
2009-04-14,12399.79
2009-04-15,13251.47
2009-04-16,12760.30
2009-04-17,13057.14
2009-04-19,13064.23
2009-04-20,12723.08
2009-04-21,12515.51
2009-04-22,12513.46
2009-04-23,13497.01
2009-04-24,13236.00
2009-04-26,13236.00
2009-04-27,13539.24
2009-04-28,13906.92
2009-04-29,14047.03
2009-04-30,15401.47
2009-05-01,15778.64
2009-05-03,15778.64
2009-05-04,16246.14
2009-05-05,16442.95
2009-05-06,16567.71
2009-05-07,16177.39
2009-05-08,16539.33
2009-05-10,16539.33
2009-05-11,16440.53
2009-05-12,16260.17
2009-05-13,16188.81
2009-05-14,16526.25
2009-05-15,16090.90
2009-05-17,16096.96
2009-05-18,16617.44
2009-05-19,16786.86
2009-05-20,16534.74
2009-05-21,16780.67
2009-05-22,16934.78
2009-05-24,16934.78
2009-05-25,17158.13
2009-05-26,17413.50
2009-05-27,17500.58
2009-05-28,17433.38
2009-05-29,17093.82
2009-05-31,17093.82
2009-06-01,17376.64
2009-06-02,17143.47
2009-06-03,17185.60
2009-06-04,17430.80
2009-06-05,18315.01
2009-06-07,18315.01
2009-06-08,18475.31
2009-06-09,18328.20
2009-06-10,18211.62
2009-06-11,18755.69
2009-06-12,19677.23
2009-06-14,19665.19
2009-06-15,19250.81
2009-06-16,19451.24
2009-06-17,19874.65
2009-06-18,20190.29
2009-06-19,20838.58
2009-06-21,20828.03
2009-06-22,20705.54
2009-06-23,20423.33
2009-06-24,20576.09
2009-06-25,21243.24
2009-06-26,21154.82
2009-06-28,21146.30
2009-06-29,21332.41
2009-06-30,21586.40
2009-07-01,20810.55
2009-07-02,20988.88
2009-07-03,20889.22
2009-07-05,20884.82
2009-07-06,21391.52
2009-07-07,21110.92
2009-07-08,21105.82
2009-07-09,20798.86
2009-07-10,21185.05
2009-07-12,21185.05
2009-07-13,21344.68
2009-07-14,21331.54
2009-07-15,21070.33
2009-07-16,21066.46
2009-07-17,21471.76
2009-07-19,21459.11
2009-07-20,21495.95
2009-07-21,21420.96
2009-07-22,21548.52
2009-07-23,21294.80
2009-07-24,21268.77
2009-07-26,21264.22
2009-07-27,21285.04
2009-07-28,21790.22
2009-07-29,22079.70
2009-07-30,22347.39
2009-07-31,22826.75
2009-08-02,22826.75
2009-08-03,22588.21
2009-08-04,22274.16
2009-08-05,22389.26
2009-08-06,22612.69
2009-08-07,23347.83
2009-08-09,23354.18
2009-08-10,23130.56
2009-08-11,22926.99
2009-08-12,23045.66
2009-08-13,22882.39
2009-08-14,22728.37
2009-08-16,22735.05
2009-08-17,23010.06
2009-08-18,23310.10
2009-08-19,23027.62
2009-08-20,23075.95
2009-08-21,23263.92
2009-08-23,23269.70
2009-08-24,23126.12
2009-08-25,22745.73
2009-08-26,23040.03
2009-08-27,23786.63
2009-08-28,23743.10
2009-08-30,23743.10
2009-08-31,23671.32
2009-09-01,23449.62
2009-09-02,23388.88
2009-09-03,23270.79
2009-09-04,24079.71
2009-09-06,24079.71
2009-09-07,24171.03
2009-09-08,23200.75
2009-09-09,22774.34
2009-09-10,22894.28
2009-09-11,23001.66
2009-09-13,23000.46
2009-09-14,22692.58
2009-09-15,23251.62
2009-09-16,23565.64
2009-09-17,23350.48
2009-09-18,23293.04
2009-09-20,23289.72
2009-09-21,23180.65
2009-09-22,22460.13
2009-09-23,22389.98
2009-09-24,22230.06
2009-09-25,22134.86
2009-09-27,22134.86
2009-09-28,22042.18
2009-09-29,22405.17
2009-09-30,22499.68
2009-10-01,22680.92
2009-10-02,22648.81
2009-10-04,22648.90
2009-10-05,22733.50
2009-10-06,22627.54
2009-10-07,22860.15
2009-10-08,22656.21
2009-10-09,22186.06
2009-10-11,22193.53
2009-10-12,21964.08
2009-10-13,21591.04
2009-10-14,21487.02
2009-10-15,21275.62
2009-10-16,21118.33
2009-10-18,21118.33
2009-10-19,21169.48
2009-10-20,20867.60
2009-10-21,20688.30
2009-10-22,20817.14
2009-10-23,20940.27
2009-10-25,20943.66
2009-10-26,20636.12
2009-10-27,20718.88
2009-10-28,20752.14
2009-10-29,21005.24
2009-10-30,20738.36
2009-11-01,20738.36
2009-11-02,20440.03
2009-11-03,21454.11
2009-11-04,21430.71
2009-11-05,21224.83
2009-11-06,21435.42
2009-11-08,21540.76
2009-11-09,21328.41
2009-11-10,21670.88
2009-11-11,21429.12
2009-11-12,21720.71
2009-11-13,22139.45
2009-11-15,22158.82
2009-11-16,22402.17
2009-11-17,22757.38
2009-11-18,22306.19
2009-11-19,22612.08
2009-11-20,22869.12
2009-11-22,22806.62
2009-11-23,23245.62
2009-11-24,23052.72
2009-11-25,22639.12
2009-11-26,23371.80
2009-11-27,23428.12
2009-11-29,23538.33
2009-11-30,23311.90
2009-12-01,23023.49
2009-12-02,22930.86
2009-12-03,22839.18
2009-12-04,22945.38
2009-12-06,23002.24
2009-12-07,22985.83
2009-12-08,23406.57
2009-12-09,23101.47
2009-12-10,23361.81
2009-12-11,23703.46
2009-12-13,23619.07
2009-12-14,23983.05
2009-12-15,24481.93
2009-12-16,24268.62
2009-12-17,24941.26
2009-12-18,25289.91
2009-12-20,25381.75
2009-12-21,25210.82
2009-12-22,25699.00
2009-12-23,25702.62
2009-12-24,25574.07
2009-12-27,25552.32
2009-12-28,25549.21
2009-12-29,25464.33
2009-12-30,26216.36
2009-12-31,26418.71
2010-01-03,26250.87
2010-01-04,26384.99
2010-01-05,26590.47
2010-01-06,26437.79
2010-01-07,26824.63
2010-01-08,27027.55
2010-01-10,27051.79
2010-01-11,26924.73
2010-01-12,26488.97
2010-01-13,26055.36
2010-01-14,26494.02
2010-01-15,26755.90
2010-01-17,26735.34
2010-01-18,27008.42
2010-01-19,27988.90
2010-01-20,28176.50
2010-01-21,28299.75
2010-01-22,28536.22
2010-01-24,28514.79
2010-01-25,28586.55
2010-01-26,29091.86
2010-01-27,29084.95
2010-01-28,29047.19
2010-01-29,29107.67
2010-01-31,28949.46
2010-02-01,29163.92
2010-02-02,29512.21
2010-02-03,29768.84
2010-02-04,29781.00
2010-02-05,29804.81
2010-02-07,29915.22
2010-02-08,29841.85
2010-02-09,30022.34
2010-02-10,30427.93
2010-02-11,31605.45
2010-02-12,31829.09
2010-02-14,31850.49
2010-02-15,31791.24
2010-02-16,32163.22
2010-02-17,32493.62
2010-02-18,32600.89
2010-02-19,32776.62
2010-02-21,32794.63
2010-02-22,32929.82
2010-02-23,32862.38
2010-02-24,32198.24
2010-02-25,32092.40
2010-02-26,32130.62
2010-02-28,31951.70
2010-03-01,32556.71
2010-03-02,32680.96
2010-03-03,32216.04
2010-03-04,32319.28
2010-03-05,32855.75
2010-03-07,32898.34
2010-03-08,32764.72
2010-03-09,33219.41
2010-03-10,33169.80
2010-03-11,33106.70
2010-03-12,32767.88
2010-03-14,32731.19
2010-03-15,32807.33
2010-03-16,32333.78
2010-03-17,32847.53
2010-03-18,33055.26
2010-03-19,33352.01
2010-03-21,33349.14
2010-03-22,33562.24
2010-03-23,33571.01
2010-03-24,34050.01
2010-03-25,33674.09
2010-03-26,33091.84
2010-03-28,33091.84
2010-03-29,33159.74
2010-03-30,33290.30
2010-03-31,32668.15
2010-04-01,32838.13
2010-04-02,33366.65
2010-04-04,33368.76
2010-04-05,33203.00
2010-04-06,33782.46
2010-04-07,34108.69
2010-04-08,34102.60
2010-04-09,33934.27
2010-04-11,33934.27
2010-04-12,34010.19
2010-04-13,34205.83
2010-04-14,34513.02
2010-04-15,35043.93
2010-04-16,35129.93
2010-04-18,35129.93
2010-04-19,35266.66
2010-04-20,35233.07
2010-04-21,35235.54
2010-04-22,35789.99
2010-04-23,35312.63
2010-04-25,35311.15
2010-04-26,35729.37
2010-04-27,35579.84
2010-04-28,35412.33
2010-04-29,35593.65
2010-04-30,35465.44
2010-05-02,35477.85
2010-05-03,35721.31
2010-05-04,36194.63
2010-05-05,36415.27
2010-05-06,36413.47
2010-05-07,37134.69
2010-05-09,37134.69
2010-05-10,36979.55
2010-05-11,37117.29
2010-05-12,36745.81
2010-05-13,37347.82
2010-05-14,37637.84
2010-05-16,37637.84
2010-05-17,37799.72
2010-05-18,36858.36
2010-05-19,35217.04
2010-05-20,35363.18
2010-05-21,35784.90
2010-05-23,35777.44
2010-05-24,36608.64
2010-05-25,37003.22
2010-05-26,37524.40
2010-05-27,39041.07
2010-05-28,38461.87
2010-05-30,38461.87
2010-05-31,38120.09
2010-06-01,38535.80
2010-06-02,39115.58
2010-06-03,39214.54
2010-06-04,39454.48
2010-06-06,39462.15
2010-06-07,39416.74
2010-06-08,39410.19
2010-06-09,38891.24
2010-06-10,38679.33
2010-06-11,38949.94
2010-06-13,38967.11
2010-06-14,38712.32
2010-06-15,38402.63
2010-06-16,38373.24
2010-06-17,37918.98
2010-06-18,38064.53
2010-06-20,38074.84
2010-06-21,37955.71
2010-06-22,38121.79
2010-06-23,38622.64
2010-06-24,38440.31
2010-06-25,39318.28
2010-06-27,39318.28
2010-06-28,39491.78
2010-06-29,39764.42
2010-06-30,39346.94
2010-07-01,37906.79
2010-07-02,36982.67
2010-07-04,36982.67
2010-07-05,36846.65
2010-07-06,36518.78
2010-07-07,36734.08
2010-07-08,36500.69
2010-07-09,36687.78
2010-07-11,36689.39
2010-07-12,36608.81
2010-07-13,36399.63
2010-07-14,36624.85
2010-07-15,35537.19
2010-07-16,34948.93
2010-07-18,34948.93
2010-07-19,34228.68
2010-07-20,34767.24
2010-07-21,35321.30
2010-07-22,34951.38
2010-07-23,35573.02
2010-07-25,35571.15
2010-07-26,35842.00
2010-07-27,36026.48
2010-07-28,35975.16
2010-07-29,35516.84
2010-07-30,36229.12
2010-08-01,36229.12
2010-08-02,35987.23
2010-08-03,35721.81
2010-08-04,36097.34
2010-08-05,35969.94
2010-08-06,35357.98
2010-08-08,35360.49
2010-08-09,35127.94
2010-08-10,35974.55
2010-08-11,37026.14
2010-08-12,37289.54
2010-08-13,37754.40
2010-08-15,37766.98
2010-08-16,37593.54
2010-08-17,37559.08
2010-08-18,37347.31
2010-08-19,36595.57
2010-08-20,37374.01
2010-08-22,37374.01
2010-08-23,37428.53
2010-08-24,37434.60
2010-08-25,37249.47
2010-08-26,37255.17
2010-08-27,37344.40
2010-08-29,37347.31
2010-08-30,37560.16
2010-08-31,36741.04
2010-09-01,36165.47
2010-09-02,36283.83
2010-09-03,36383.57
2010-09-05,36383.57
2010-09-06,36469.74
2010-09-07,36792.89
2010-09-08,36683.33
2010-09-09,36437.09
2010-09-10,36479.50
2010-09-12,36480.38
2010-09-13,36498.03
2010-09-14,36587.94
2010-09-15,36696.08
2010-09-16,35883.38
2010-09-17,36228.57
2010-09-19,36234.39
2010-09-20,36498.88
2010-09-21,36665.32
2010-09-22,35947.75
2010-09-23,36304.05
2010-09-24,35260.49
2010-09-26,35264.74
2010-09-27,35396.14
2010-09-28,35250.74
2010-09-29,35321.99
2010-09-30,34703.38
2010-10-01,34095.66
2010-10-03,34088.77
2010-10-04,34476.01
2010-10-05,33956.37
2010-10-06,34233.05
2010-10-07,33430.57
2010-10-08,33594.60
2010-10-10,33594.60
2010-10-11,33630.54
2010-10-12,34351.05
2010-10-13,34805.76
2010-10-14,34664.25
2010-10-15,34575.51
2010-10-17,34577.28
2010-10-18,34504.66
2010-10-19,34646.04
2010-10-20,33895.03
2010-10-21,33165.85
2010-10-22,33066.34
2010-10-24,33074.66
2010-10-25,33353.19
2010-10-26,33372.47
2010-10-27,33096.94
2010-10-28,32785.63
2010-10-29,33149.52
2010-10-31,33149.52
2010-11-01,33360.50
2010-11-02,33240.94
2010-11-03,33287.47
2010-11-04,32980.28
2010-11-05,33865.62
2010-11-07,33865.62
2010-11-08,34094.46
2010-11-09,33384.80
2010-11-10,34277.25
2010-11-11,34439.22
2010-11-12,33385.21
2010-11-14,33321.85
2010-11-15,33774.81
2010-11-16,33348.39
2010-11-17,33266.49
2010-11-18,33226.52
2010-11-19,33399.84
2010-11-21,33533.93
2010-11-22,33983.46
2010-11-23,34349.73
2010-11-24,34187.92
2010-11-25,34034.89
2010-11-26,34222.20
2010-11-28,34171.07
2010-11-29,34847.43
2010-11-30,35168.36
2010-12-01,35444.24
2010-12-02,35638.31
2010-12-03,35052.86
2010-12-05,35120.91
2010-12-06,35230.91
2010-12-07,34780.43
2010-12-08,34622.58
2010-12-09,35405.48
2010-12-10,35688.94
2010-12-12,35655.77
2010-12-13,35462.92
2010-12-14,36138.35
2010-12-15,35530.09
2010-12-16,35634.74
2010-12-17,36252.20
2010-12-19,36245.44
2010-12-20,36721.75
2010-12-21,36632.56
2010-12-22,36954.40
2010-12-23,37526.09
2010-12-24,37730.34
2010-12-26,37725.51
2010-12-27,37529.49
2010-12-28,38224.14
2010-12-29,38615.77
2010-12-30,38109.58
2010-12-31,37997.13
2011-01-02,37795.99
2011-01-03,37494.67
2011-01-04,37383.39
2011-01-05,38251.61
2011-01-06,38616.65
2011-01-07,38625.95
2011-01-09,38559.21
2011-01-10,38127.30
2011-01-11,38466.61
2011-01-12,38605.49
2011-01-13,37400.90
2011-01-14,37374.49
2011-01-16,37386.70
2011-01-17,37754.22
2011-01-18,36933.66
2011-01-19,36744.59
2011-01-20,36597.69
2011-01-21,36238.49
2011-01-23,36217.21
2011-01-24,36152.09
2011-01-25,36381.40
2011-01-26,36207.29
2011-01-27,35980.31
2011-01-28,36509.35
2011-01-30,36463.73
2011-01-31,36233.44
2011-02-01,36202.91
2011-02-02,36171.35
2011-02-03,37150.97
2011-02-04,37529.55
2011-02-06,37558.93
2011-02-07,38140.64
2011-02-08,37920.76
2011-02-09,37806.34
2011-02-10,38512.52
2011-02-11,38729.98
2011-02-13,38700.24
2011-02-14,39280.33
2011-02-15,38750.72
2011-02-16,39317.93
2011-02-17,39400.16
2011-02-18,39314.93
2011-02-20,39258.22
2011-02-21,39130.90
2011-02-22,38241.43
2011-02-23,37774.60
2011-02-24,37349.75
2011-02-25,38010.25
2011-02-27,37997.30
2011-02-28,37839.24
2011-03-01,37554.75
2011-03-02,37052.52
2011-03-03,36453.12
2011-03-04,36260.38
2011-03-06,36272.67
2011-03-07,35704.96
2011-03-08,36415.84
2011-03-09,36441.06
2011-03-10,36680.27
2011-03-11,37030.29
2011-03-13,37105.78
2011-03-14,37100.07
2011-03-15,36920.13
2011-03-16,37043.59
2011-03-17,36861.63
2011-03-18,36546.19
2011-03-20,36546.19
2011-03-21,36689.06
2011-03-22,36992.13
2011-03-23,36847.17
2011-03-24,36319.01
2011-03-25,36617.15
2011-03-27,36617.15
2011-03-28,36389.18
2011-03-29,36877.81
2011-03-30,37015.45
2011-03-31,37082.41
2011-04-01,37705.55
2011-04-03,37699.97
2011-04-04,37433.79
2011-04-05,37574.06
2011-04-06,37619.90
2011-04-07,37644.20
2011-04-08,37394.00
2011-04-10,37400.31
2011-04-11,37261.15
2011-04-12,36887.66
2011-04-13,36856.66
2011-04-14,37169.89
2011-04-15,37560.16
2011-04-17,37562.09
2011-04-18,38174.88
2011-04-19,37904.18
2011-04-20,37318.06
2011-04-21,37289.36
2011-04-22,37472.29
2011-04-24,37472.29
2011-04-25,37497.88
2011-04-26,37357.65
2011-04-27,37897.53
2011-04-28,37645.17
2011-04-29,38152.66
2011-05-01,38144.47
2011-05-02,37787.14
2011-05-03,37953.89
2011-05-04,37068.39
2011-05-05,37818.31
2011-05-06,37808.96
2011-05-08,37810.84
2011-05-09,38764.81
2011-05-10,38667.81
2011-05-11,38291.09
2011-05-12,38768.12
2011-05-13,38419.68
2011-05-15,38423.33
2011-05-16,37877.44
2011-05-17,38162.75
2011-05-18,38363.01
2011-05-19,38568.45
2011-05-20,39863.72
2011-05-22,39851.07
2011-05-23,39970.15
2011-05-24,39691.68
2011-05-25,39747.15
2011-05-26,40227.42
2011-05-27,40117.80
2011-05-29,40117.80
2011-05-30,40268.78
2011-05-31,40157.08
2011-06-01,40271.41
2011-06-02,40366.10
2011-06-03,40165.96
2011-06-05,40165.96
2011-06-06,40126.20
2011-06-07,39609.52
2011-06-08,39891.60
2011-06-09,41014.46
2011-06-10,41862.55
2011-06-12,41857.29
2011-06-13,42031.53
2011-06-14,41756.14
2011-06-15,41953.70
2011-06-16,42018.91
2011-06-17,41243.32
2011-06-19,41243.32
2011-06-20,41038.33
2011-06-21,41221.42
2011-06-22,41067.70
2011-06-23,42294.68
2011-06-24,42600.48
2011-06-26,42605.61
2011-06-27,42019.72
2011-06-28,41707.02
2011-06-29,41951.07
2011-06-30,41649.02
2011-07-01,42127.86
2011-07-03,42128.21
2011-07-04,42303.84
2011-07-05,42269.15
2011-07-06,43126.69
2011-07-07,42912.49
2011-07-08,43385.29
2011-07-10,43382.64
2011-07-11,44192.59
2011-07-12,44008.85
2011-07-13,43921.04
2011-07-14,44200.23
2011-07-15,44477.93
2011-07-17,44477.93
2011-07-18,44659.58
2011-07-19,44292.52
2011-07-20,44408.53
2011-07-21,44141.64
2011-07-22,44702.14
2011-07-24,44711.55
2011-07-25,45162.17
2011-07-26,45277.59
2011-07-27,45650.70
2011-07-28,46218.36
2011-07-29,46278.89
2011-07-31,46265.26
2011-08-01,47331.66
2011-08-02,47155.95
2011-08-03,46790.06
2011-08-04,47743.94
2011-08-05,47255.01
2011-08-07,47255.01
2011-08-08,48093.83
2011-08-09,49030.77
2011-08-10,49590.93
2011-08-11,48474.47
2011-08-12,48177.04
2011-08-14,48177.04
2011-08-15,47621.75
2011-08-16,47579.10
2011-08-17,46964.67
2011-08-18,47575.58
2011-08-19,46812.90
2011-08-21,46813.02
2011-08-22,46812.05
2011-08-23,46795.04
2011-08-24,46858.43
2011-08-25,47182.27
2011-08-26,47507.95
2011-08-28,47509.34
2011-08-29,47182.40
2011-08-30,47718.28
2011-08-31,47574.79
2011-09-01,48589.59
2011-09-02,48484.78
2011-09-04,48484.78
2011-09-05,48579.49
2011-09-06,47874.09
2011-09-07,47894.30
2011-09-08,47909.96
2011-09-09,48402.68
2011-09-11,48402.68
2011-09-12,48234.83
2011-09-13,48245.43
2011-09-14,48378.32
2011-09-15,48179.28
2011-09-16,48579.18
2011-09-18,48579.18
2011-09-19,48815.18
2011-09-20,48355.63
2011-09-21,48420.46
2011-09-22,48571.32
2011-09-23,48206.53
2011-09-25,48222.38
2011-09-26,48044.60
2011-09-27,47836.97
2011-09-28,47478.70
2011-09-29,46854.28
2011-09-30,47681.19
2011-10-02,47670.26
2011-10-03,47682.24
2011-10-04,47149.11
2011-10-05,47390.27
2011-10-06,47774.67
2011-10-07,46930.71
2011-10-09,46930.71
2011-10-10,46686.14
2011-10-11,46781.65
2011-10-12,46713.13
2011-10-13,47306.94
2011-10-14,47170.94
2011-10-16,47173.80
2011-10-17,47388.17
2011-10-18,48150.13
2011-10-19,47995.31
2011-10-20,48671.90
2011-10-21,48162.67
2011-10-23,48162.67
2011-10-24,48639.12
2011-10-25,48541.73
2011-10-26,49029.79
2011-10-27,49119.43
2011-10-28,49292.71
2011-10-30,49292.71
2011-10-31,49033.42
2011-11-01,49671.60
2011-11-02,48877.05
2011-11-03,49179.53
2011-11-04,49635.55
2011-11-06,49635.55
2011-11-07,49594.70
2011-11-08,49601.23
2011-11-09,50664.46
2011-11-10,50024.59
2011-11-11,49820.21
2011-11-13,49869.29
2011-11-14,49777.32
2011-11-15,50312.36
2011-11-16,50015.48
2011-11-17,49462.78
2011-11-18,49115.13
2011-11-20,49084.48
2011-11-21,48648.08
2011-11-22,48511.31
2011-11-23,48883.06
2011-11-24,49091.30
2011-11-25,49242.13
2011-11-27,49371.70
2011-11-28,49330.97
2011-11-29,49442.77
2011-11-30,48856.05
2011-12-01,48390.90
2011-12-02,48327.62
2011-12-04,48320.17
2011-12-05,48090.20
2011-12-06,48275.66
2011-12-07,48397.12
2011-12-08,48800.74
2011-12-09,48667.97
2011-12-11,48633.06
2011-12-12,48617.54
2011-12-13,48819.25
2011-12-14,49090.36
2011-12-15,49154.49
2011-12-16,48936.23
2011-12-18,49001.63
2011-12-19,48903.92
2011-12-20,48380.79
2011-12-21,48454.64
2011-12-22,48610.43
2011-12-23,48671.71
2011-12-26,48674.61
2011-12-27,48659.96
2011-12-28,49038.29
2011-12-29,49259.98
2011-12-30,49115.47
2012-01-01,49145.14
2012-01-02,49028.27
2012-01-03,48936.83
2012-01-04,49696.33
2012-01-05,50365.50
2012-01-06,50988.23
2012-01-08,50923.17
2012-01-09,51097.35
2012-01-10,50988.63
2012-01-11,51426.03
2012-01-12,51096.23
2012-01-13,52164.16
2012-01-15,52132.63
2012-01-16,52167.20
2012-01-17,52115.57
2012-01-18,52010.63
2012-01-19,52191.28
2012-01-20,52621.06
2012-01-22,52563.41
2012-01-23,52028.69
2012-01-24,52462.76
2012-01-25,53217.93
2012-01-26,52732.33
2012-01-27,52896.05
2012-01-29,52895.86
2012-01-30,53073.09
2012-01-31,53353.86
2012-02-01,52694.19
2012-02-02,52802.93
2012-02-03,53261.48
2012-02-05,53256.83
2012-02-06,53549.48
2012-02-07,52987.75
2012-02-08,53074.80
2012-02-09,52884.44
2012-02-10,53274.01
2012-02-12,53444.53
2012-02-13,53412.73
2012-02-14,53445.32
2012-02-15,54001.02
2012-02-16,54514.58
2012-02-17,54033.25
2012-02-19,54130.35
2012-02-20,53857.14
2012-02-21,53915.47
2012-02-22,53973.90
2012-02-23,54051.76
2012-02-24,53403.65
2012-02-26,53407.24
2012-02-27,53510.99
2012-02-28,53678.40
2012-02-29,53982.82
2012-03-01,54096.16
2012-03-02,54599.82
2012-03-04,54554.28
2012-03-05,54207.64
2012-03-06,54639.03
2012-03-07,54872.52
2012-03-08,54282.04
2012-03-09,54849.19
2012-03-11,54843.03
2012-03-12,54551.66
2012-03-13,54938.48
2012-03-14,54634.25
2012-03-15,55003.46
2012-03-16,54456.17
2012-03-18,54459.15
2012-03-19,54332.07
2012-03-20,54240.38
2012-03-21,54570.58
2012-03-22,54945.23
2012-03-23,54795.46
2012-03-25,54795.46
2012-03-26,54894.21
2012-03-27,55026.81
2012-03-28,55391.51
2012-03-29,55600.79
2012-03-30,55745.12
2012-04-01,55748.77
2012-04-02,56028.38
2012-04-03,55708.93
2012-04-04,56245.61
2012-04-05,56755.97
2012-04-06,56700.65
2012-04-08,56696.51
2012-04-09,57144.42
2012-04-10,57258.17
2012-04-11,56938.70
2012-04-12,56985.20
2012-04-13,57207.21
2012-04-15,57207.21
2012-04-16,57521.11
2012-04-17,57610.46
2012-04-18,57573.35
2012-04-19,57353.68
2012-04-20,57166.82
2012-04-22,57169.69
2012-04-23,57289.89
2012-04-24,57228.00
2012-04-25,57469.43
2012-04-26,57326.68
2012-04-27,57142.98
2012-04-29,57142.98
2012-04-30,57002.45
2012-05-01,57056.90
2012-05-02,57421.29
2012-05-03,57204.33
2012-05-04,56977.62
2012-05-06,56977.62
2012-05-07,56892.54
2012-05-08,57088.80
2012-05-09,57534.47
2012-05-10,57441.47
2012-05-11,57362.14
2012-05-13,57362.14
2012-05-14,57481.75
2012-05-15,57611.74
2012-05-16,57520.31
2012-05-17,57720.04
2012-05-18,57567.76
2012-05-20,57567.76
2012-05-21,57781.81
2012-05-22,57808.96
2012-05-23,58025.19
2012-05-24,57734.09
2012-05-25,57987.06
2012-05-27,57991.99
2012-05-28,58109.65
2012-05-29,57921.16
2012-05-30,57963.01
2012-05-31,57877.14
2012-06-01,57956.75
2012-06-03,57956.75
2012-06-04,57878.61
2012-06-05,58050.83
2012-06-06,58366.13
2012-06-07,58230.47
2012-06-08,59126.26
2012-06-10,59126.26
2012-06-11,59332.38
2012-06-12,59582.70
2012-06-13,59335.43
2012-06-14,59346.88
2012-06-15,59713.74
2012-06-17,59713.74
2012-06-18,60119.49
2012-06-19,60114.66
2012-06-20,59874.65
2012-06-21,59978.64
2012-06-22,60108.69
2012-06-24,60106.72
2012-06-25,60267.33
2012-06-26,60602.68
2012-06-27,60952.93
2012-06-28,61117.79
2012-06-29,60521.59
2012-07-01,60519.43
2012-07-02,60695.91
2012-07-03,60654.76
2012-07-04,61139.28
2012-07-05,62258.24
2012-07-06,62449.40
2012-07-08,62454.75
2012-07-09,62470.48
2012-07-10,62777.17
2012-07-11,62798.02
2012-07-12,63051.28
2012-07-13,63025.35
2012-07-15,63025.35
2012-07-16,63229.75
2012-07-17,63602.19
2012-07-18,63937.99
2012-07-19,64183.56
2012-07-20,64587.19
2012-07-22,64587.19
2012-07-23,64517.53
2012-07-24,64492.17
2012-07-25,64269.32
2012-07-26,63270.66
2012-07-27,62842.67
2012-07-29,62845.93
2012-07-30,63161.05
2012-07-31,63069.45
2012-08-01,62977.11
2012-08-02,63414.82
2012-08-03,62844.99
2012-08-05,62843.91
2012-08-06,62789.35
2012-08-07,62369.17
2012-08-08,62732.50
2012-08-09,63051.40
2012-08-10,63231.50
2012-08-12,63231.50
2012-08-13,62662.46
2012-08-14,62789.96
2012-08-15,63160.49
2012-08-16,62751.22
2012-08-17,62846.35
2012-08-19,62848.35
2012-08-20,62923.47
2012-08-21,62197.68
2012-08-22,62338.11
2012-08-23,61987.42
2012-08-24,62222.20
2012-08-26,62222.03
2012-08-27,62096.37
2012-08-28,61701.30
2012-08-29,61796.62
2012-08-30,61861.13
2012-08-31,61288.07
2012-09-02,61285.15
2012-09-03,61151.96
2012-09-04,61331.45
2012-09-05,60700.77
2012-09-06,60944.30
2012-09-07,60270.68
2012-09-09,60270.68
2012-09-10,60195.54
2012-09-11,60105.28
2012-09-12,59833.60
2012-09-13,60191.09
2012-09-14,59255.96
2012-09-16,59257.81
2012-09-17,59036.88
2012-09-18,59179.10
2012-09-19,59155.81
2012-09-20,59612.07
2012-09-21,59355.51
2012-09-23,59355.51
2012-09-24,59521.24
2012-09-25,59203.75
2012-09-26,59461.40
2012-09-27,59831.00
2012-09-28,59949.70
2012-09-30,59951.35
2012-10-01,59655.66
2012-10-02,59397.47
2012-10-03,59390.15
2012-10-04,59090.66
2012-10-05,58595.05
2012-10-07,58592.93
2012-10-08,58835.79
2012-10-09,58970.79
2012-10-10,58643.34
2012-10-11,58051.32
2012-10-12,57634.26
2012-10-14,57634.26
2012-10-15,57637.85
2012-10-16,57211.29
2012-10-17,57087.83
2012-10-18,56862.15
2012-10-19,56911.68
2012-10-21,56911.68
2012-10-22,56665.88
2012-10-23,57091.08
2012-10-24,57027.05
2012-10-25,56994.59
2012-10-26,57233.58
2012-10-28,57233.14
2012-10-29,57204.98
2012-10-30,56709.48
2012-10-31,56678.83
2012-11-01,56726.34
2012-11-02,57116.48
2012-11-04,57116.48
2012-11-05,57307.53
2012-11-06,57272.27
2012-11-07,57908.83
2012-11-08,58069.36
2012-11-09,58324.26
2012-11-11,58331.76
2012-11-12,58393.59
2012-11-13,58410.48
2012-11-14,58209.55
2012-11-15,57677.45
2012-11-16,57949.40
2012-11-18,57965.71
2012-11-19,57937.37
2012-11-20,57773.79
2012-11-21,57453.88
2012-11-22,57216.26
2012-11-23,57117.63
2012-11-25,57081.28
2012-11-26,57049.52
2012-11-27,57119.59
2012-11-28,57516.60
2012-11-29,57206.26
2012-11-30,57188.81
2012-12-02,57166.77
2012-12-03,57038.09
2012-12-04,56953.84
2012-12-05,57107.21
2012-12-06,57344.31
2012-12-07,57689.12
2012-12-09,57617.51
2012-12-10,57717.08
2012-12-11,57585.28
2012-12-12,57631.41
2012-12-13,57629.37
2012-12-14,57817.73
2012-12-16,57825.55
2012-12-17,57766.39
2012-12-18,57737.10
2012-12-19,57336.00
2012-12-20,57157.63
2012-12-21,57175.03
2012-12-23,57155.13
2012-12-24,56981.29
2012-12-26,56896.93
2012-12-27,56766.23
2012-12-28,56957.57
2012-12-30,56959.47
2012-12-31,57175.07
2013-01-02,57137.53
2013-01-03,57367.01
2013-01-04,57531.17
2013-01-06,57589.20
2013-01-07,57546.50
2013-01-08,57899.54
2013-01-09,58199.03
2013-01-10,57602.77
2013-01-11,57082.93
2013-01-13,57059.71
2013-01-14,56919.56
2013-01-15,56634.00
2013-01-16,56666.08
2013-01-17,56896.18
2013-01-18,57714.35
2013-01-20,57643.13
2013-01-21,57676.83
2013-01-22,58081.54
2013-01-23,58289.23
2013-01-24,58032.67
2013-01-25,57383.48
2013-01-27,57288.31
2013-01-28,56842.73
2013-01-29,56520.51
2013-01-30,56004.37
2013-01-31,56297.57
2013-02-01,56034.80
2013-02-03,55969.11
2013-02-04,56155.73
2013-02-05,56078.55
2013-02-06,56238.92
2013-02-07,56853.87
2013-02-08,56960.55
2013-02-10,56928.89
2013-02-11,56956.09
2013-02-12,56723.20
2013-02-13,56690.68
2013-02-14,57112.49
2013-02-15,57072.13
2013-02-17,57000.48
2013-02-18,56929.78
2013-02-19,56993.22
2013-02-20,56970.73
2013-02-21,57139.82
2013-02-22,57336.42
2013-02-24,57075.58
2013-02-25,56177.36
2013-02-26,55592.88
2013-02-27,55388.11
2013-02-28,55629.33
2013-03-01,56148.22
2013-03-03,56174.59
2013-03-04,56456.29
2013-03-05,56430.08
2013-03-06,56716.28
2013-03-07,56267.50
2013-03-08,56889.36
2013-03-10,56805.08
2013-03-11,57138.99
2013-03-12,57206.98
2013-03-13,57921.27
2013-03-14,58138.55
2013-03-15,57905.00
2013-03-17,57906.81
2013-03-18,57624.20
2013-03-19,57560.20
2013-03-20,57087.38
2013-03-21,57276.85
2013-03-22,56906.42
2013-03-24,56906.42
2013-03-25,57332.59
2013-03-26,57545.49
2013-03-27,57866.56
2013-03-28,57762.78
2013-03-29,57742.68
2013-03-31,57741.70
2013-04-01,57561.57
2013-04-02,57698.81
2013-04-03,57581.25
2013-04-04,57999.60
2013-04-05,57600.72
2013-04-07,57599.50
2013-04-08,57473.45
2013-04-09,57449.97
2013-04-10,57502.03
2013-04-11,57261.41
2013-04-12,57174.73
2013-04-14,57176.45
2013-04-15,56925.88
2013-04-16,56753.08
2013-04-17,57389.47
2013-04-18,57039.56
2013-04-19,56625.27
2013-04-21,56627.19
2013-04-22,56746.58
2013-04-23,57024.50
2013-04-24,57047.59
2013-04-25,56962.60
2013-04-26,56903.87
2013-04-28,56905.54
2013-04-29,56856.52
2013-04-30,56502.69
2013-05-01,55813.72
2013-05-02,56367.44
2013-05-03,56186.05
2013-05-05,56187.66
2013-05-06,56315.31
2013-05-07,55776.97
2013-05-08,55141.89
2013-05-09,55279.82
2013-05-10,55382.34
2013-05-12,55382.34
2013-05-13,55144.41
2013-05-14,54867.31
2013-05-15,55305.41
2013-05-16,54842.60
2013-05-17,55148.51
2013-05-19,55153.19
2013-05-20,55284.25
2013-05-21,55495.60
2013-05-22,55133.09
2013-05-23,55383.27
2013-05-24,55763.05
2013-05-26,55756.34
2013-05-27,55579.01
2013-05-28,55795.67
2013-05-29,55133.75
2013-05-30,54702.18
2013-05-31,54901.72
2013-06-02,54909.34
2013-06-03,55429.74
2013-06-04,55224.59
2013-06-05,54956.25
2013-06-06,55171.98
2013-06-07,55591.32
2013-06-09,55585.33
2013-06-10,56159.25
2013-06-11,56185.51
2013-06-12,56286.96
2013-06-13,57295.16
2013-06-14,57491.06
2013-06-16,57491.06
2013-06-17,57162.10
2013-06-18,57209.41
2013-06-19,57405.04
2013-06-20,57581.78
2013-06-21,57981.95
2013-06-23,57973.93
2013-06-24,58292.92
2013-06-25,58796.15
2013-06-26,59594.57
2013-06-27,59741.65
2013-06-28,59895.58
2013-06-30,59893.68
2013-07-01,60041.79
2013-07-02,60019.26
2013-07-03,59982.02
2013-07-04,61018.08
2013-07-05,61250.88
2013-07-07,61246.64
2013-07-08,61336.40
2013-07-09,62007.88
2013-07-10,61657.62
2013-07-11,62205.92
2013-07-12,62137.34
2013-07-14,62137.01
2013-07-15,62378.67
2013-07-16,62372.61
2013-07-17,62636.91
2013-07-18,62930.63
2013-07-19,63164.77
2013-07-21,63164.77
2013-07-22,63066.57
2013-07-23,62816.66
2013-07-24,62460.98
2013-07-25,62749.82
2013-07-26,62761.10
2013-07-28,62762.73
2013-07-29,62696.18
2013-07-30,62710.84
2013-07-31,62941.94
2013-08-01,62473.42
2013-08-02,62029.03
2013-08-04,62029.03
2013-08-05,62349.46
2013-08-06,62156.74
2013-08-07,62233.59
2013-08-08,62307.82
2013-08-09,62796.14
2013-08-11,62796.14
2013-08-12,63021.39
2013-08-13,63368.40
2013-08-14,63559.58
2013-08-15,64092.09
2013-08-16,64151.67
2013-08-18,64147.58
2013-08-19,63845.58
2013-08-20,63532.42
2013-08-21,63679.64
2013-08-22,63728.97
2013-08-23,63445.63
2013-08-25,63445.63
2013-08-26,63562.30
2013-08-27,63269.84
2013-08-28,63775.58
2013-08-29,64199.36
2013-08-30,64370.77
2013-09-01,64370.77
2013-09-02,64529.69
2013-09-03,64942.32
2013-09-04,65189.53
2013-09-05,65386.35
2013-09-06,65558.77
2013-09-08,65556.72
2013-09-09,65357.63
2013-09-10,65429.65
2013-09-11,65199.74
2013-09-12,65366.07
2013-09-13,65594.97
2013-09-15,65594.97
2013-09-16,65441.30
2013-09-17,65628.03
2013-09-18,66000.40
2013-09-19,65875.28
2013-09-20,66008.79
2013-09-22,66004.00
2013-09-23,66248.10
2013-09-24,66270.58
2013-09-25,66122.71
2013-09-26,66333.44
2013-09-27,65857.32
2013-09-29,65857.83
2013-09-30,65893.13
2013-10-01,65749.77
2013-10-02,65325.42
2013-10-03,65113.99
2013-10-04,65227.25
2013-10-06,65232.12
2013-10-07,65338.79
2013-10-08,65061.25
2013-10-09,65647.09
2013-10-10,65840.40
2013-10-11,65570.22
2013-10-13,65573.98
2013-10-14,65441.67
2013-10-15,65828.81
2013-10-16,66041.36
2013-10-17,65633.43
2013-10-18,65543.75
2013-10-20,65546.16
2013-10-21,65597.11
2013-10-22,65338.58
2013-10-23,65300.46
2013-10-24,65067.74
2013-10-25,65138.83
2013-10-27,65138.83
2013-10-28,65098.99
2013-10-29,64977.05
2013-10-30,64705.96
2013-10-31,65165.94
2013-11-01,65368.09
2013-11-03,65368.33
2013-11-04,65330.74
2013-11-05,65514.69
2013-11-06,65197.43
2013-11-07,66353.37
2013-11-08,66371.65
2013-11-10,66368.35
2013-11-11,66027.86
2013-11-12,65756.76
2013-11-13,66140.24
2013-11-14,66012.02
2013-11-15,65853.93
2013-11-17,65879.24
2013-11-18,65726.58
2013-11-19,65835.65
2013-11-20,66078.70
2013-11-21,65841.94
2013-11-22,65601.22
2013-11-24,65638.52
2013-11-25,65509.56
2013-11-26,65136.36
2013-11-27,64909.21
2013-11-28,64433.68
2013-11-29,64676.85
2013-12-01,64699.49
2013-12-02,64758.73
2013-12-03,64703.10
2013-12-04,65127.19
2013-12-05,64863.65
2013-12-06,64997.27
2013-12-08,65022.62
2013-12-09,65095.76
2013-12-10,65060.38
2013-12-11,64652.26
2013-12-12,64709.94
2013-12-13,64931.78
2013-12-15,64952.54
2013-12-16,65008.24
2013-12-17,65133.43
2013-12-18,65105.10
2013-12-19,65069.40
2013-12-20,64893.87
2013-12-22,64851.36
2013-12-23,64819.38
2013-12-24,64912.82
2013-12-26,65069.07
2013-12-27,64710.43
2013-12-29,64698.89
2013-12-30,64539.64
2013-12-31,64590.11
2014-01-02,64376.16
2014-01-03,64679.66
2014-01-05,64640.78
2014-01-06,64434.71
2014-01-07,64700.34
2014-01-08,64739.49
2014-01-09,64862.17
2014-01-10,64725.49
2014-01-12,64737.21
2014-01-13,64934.19
2014-01-14,65012.02
2014-01-15,65458.67
2014-01-16,65640.72
2014-01-17,65572.09
2014-01-19,65587.73
2014-01-20,65447.17
2014-01-21,65391.74
2014-01-22,65082.07
2014-01-23,64538.27
2014-01-24,64804.26
2014-01-26,64764.77
2014-01-27,65120.88
2014-01-28,65014.83
2014-01-29,64973.78
2014-01-30,65394.88
2014-01-31,65678.17
2014-02-02,65619.80
2014-02-03,65502.37
2014-02-04,65485.55
2014-02-05,65546.57
2014-02-06,65071.92
2014-02-07,65028.69
2014-02-09,65012.16
2014-02-10,64895.00
2014-02-11,64649.58
2014-02-12,64696.66
2014-02-13,64870.52
2014-02-14,64937.18
2014-02-16,64964.87
2014-02-17,64810.16
2014-02-18,64416.43
2014-02-19,64484.10
2014-02-20,64928.98
2014-02-21,64539.30
2014-02-23,64520.99
2014-02-24,64794.56
2014-02-25,64621.73
2014-02-26,64906.45
2014-02-27,65184.85
2014-02-28,64562.77
2014-03-02,64560.84
2014-03-03,64297.82
2014-03-04,64304.75
2014-03-05,64263.38
2014-03-06,63930.56
2014-03-07,63815.89
2014-03-09,63784.93
2014-03-10,63631.21
2014-03-11,63655.08
2014-03-12,63341.76
2014-03-13,62721.78
2014-03-14,62586.12
2014-03-16,62586.12
2014-03-17,62613.98
2014-03-18,63074.99
2014-03-19,62980.42
2014-03-20,63469.79
2014-03-21,63467.12
2014-03-23,63466.64
2014-03-24,63965.79
2014-03-25,64357.87
2014-03-26,64574.71
2014-03-27,64721.71
2014-03-28,64549.29
2014-03-30,64547.84
2014-03-31,64551.60
2014-04-01,64455.80
2014-04-02,64509.52
2014-04-03,64730.62
2014-04-04,64965.44
2014-04-06,64965.44
2014-04-07,64871.10
2014-04-08,64351.41
2014-04-09,63984.62
2014-04-10,63894.55
2014-04-11,64246.35
2014-04-13,64240.24
2014-04-14,64376.98
2014-04-15,64269.87
2014-04-16,64321.06
2014-04-17,64076.56
2014-04-18,64042.80
2014-04-20,64046.78
2014-04-21,64042.81
2014-04-22,64021.86
2014-04-23,63985.64
2014-04-24,63904.45
2014-04-25,63878.92
2014-04-27,63878.92
2014-04-28,63644.78
2014-04-29,63905.80
2014-04-30,63510.77
2014-05-01,63484.73
2014-05-02,63701.28
2014-05-04,63701.28
2014-05-05,63734.99
2014-05-06,63566.57
2014-05-07,63441.68
2014-05-08,63433.03
2014-05-09,63791.93
2014-05-11,63796.54
2014-05-12,63705.59
2014-05-13,63984.66
2014-05-14,63904.55
2014-05-15,63863.45
2014-05-16,63848.37
2014-05-18,63848.37
2014-05-19,63698.80
2014-05-20,63686.96
2014-05-21,63907.56
2014-05-22,63848.04
2014-05-23,63915.03
2014-05-25,63914.84
2014-05-26,63846.57
2014-05-27,63938.98
2014-05-28,64000.17
2014-05-29,63773.88
2014-05-30,63486.37
2014-06-01,63482.92
2014-06-02,63531.99
2014-06-03,63340.72
2014-06-04,63168.96
2014-06-05,63452.64
2014-06-06,63536.08
2014-06-08,63533.79
2014-06-09,63632.97
2014-06-10,63864.12
2014-06-11,63805.02
2014-06-12,63858.67
2014-06-13,63972.04
2014-06-15,63974.37
2014-06-16,63856.89
2014-06-17,63985.60
2014-06-18,63796.01
2014-06-19,63452.75
2014-06-20,63615.62
2014-06-22,63617.13
2014-06-23,63693.54
2014-06-24,63621.61
2014-06-25,63525.37
2014-06-26,63762.53
2014-06-27,63670.81
2014-06-29,63670.81
2014-06-30,63655.00
2014-07-01,63797.48
2014-07-02,63945.51
2014-07-03,64267.62
2014-07-04,64340.12
2014-07-06,64338.91
2014-07-07,64444.65
2014-07-08,64391.26
2014-07-09,64334.98
2014-07-10,64577.05
2014-07-11,64588.84
2014-07-13,64588.84
2014-07-14,64397.26
2014-07-15,64372.31
2014-07-16,64552.49
2014-07-17,64720.27
2014-07-18,64916.06
2014-07-20,64914.10
2014-07-21,64988.91
2014-07-22,65235.50
2014-07-23,65313.44
2014-07-24,65253.73
2014-07-25,65379.35
2014-07-27,65379.60
2014-07-28,65355.82
2014-07-29,65384.67
2014-07-30,65522.50
2014-07-31,65551.37
2014-08-01,65417.60
2014-08-03,65416.97
2014-08-04,65448.00
2014-08-05,65750.58
2014-08-06,65984.78
2014-08-07,66241.23
2014-08-08,66108.06
2014-08-10,66108.53
2014-08-11,66112.13
2014-08-12,66367.39
2014-08-13,66290.93
2014-08-14,66167.96
2014-08-15,66025.29
2014-08-17,66025.29
2014-08-18,66119.04
2014-08-19,66457.68
2014-08-20,66584.02
2014-08-21,66606.66
2014-08-22,66811.88
2014-08-24,66811.88
2014-08-25,66799.26
2014-08-26,66569.86
2014-08-27,66249.57
2014-08-28,66415.74
2014-08-29,66302.28
2014-08-31,66307.15
2014-09-01,66179.25
2014-09-02,66114.49
2014-09-03,66264.09
2014-09-04,67238.60
2014-09-05,67205.61
2014-09-07,67202.83
2014-09-08,66828.47
2014-09-09,66711.54
2014-09-10,66852.20
2014-09-11,66251.89
2014-09-12,66243.21
2014-09-14,66243.21
2014-09-15,66386.66
2014-09-16,66376.91
2014-09-17,66049.66
2014-09-18,65582.37
2014-09-19,65981.08
2014-09-21,65981.08
2014-09-22,66006.37
2014-09-23,65584.29
2014-09-24,65837.56
2014-09-25,65874.03
2014-09-26,66007.70
2014-09-28,66007.70
2014-09-29,66000.47
2014-09-30,66333.75
2014-10-01,66495.96
2014-10-02,66214.85
2014-10-03,66698.14
2014-10-05,66698.14
2014-10-06,66842.87
2014-10-07,67132.14
2014-10-08,66838.18
2014-10-09,66607.15
2014-10-10,66957.98
2014-10-12,66961.77
2014-10-13,67083.69
2014-10-14,67213.23
2014-10-15,66738.31
2014-10-16,67180.08
2014-10-17,67483.74
2014-10-19,67480.07
2014-10-20,67508.75
2014-10-21,68018.38
2014-10-22,68484.96
2014-10-23,68499.34
2014-10-24,68443.52
2014-10-26,68448.49
2014-10-27,68401.10
2014-10-28,68113.99
2014-10-29,67810.40
2014-10-30,67907.17
2014-10-31,68052.84
2014-11-02,68045.44
2014-11-03,67941.30
2014-11-04,67530.48
2014-11-05,67477.24
2014-11-06,67730.85
2014-11-07,67949.82
2014-11-09,68004.14
2014-11-10,67991.26
2014-11-11,68329.92
2014-11-12,68502.43
2014-11-13,68518.77
2014-11-14,69019.75
2014-11-16,68958.07
2014-11-17,69202.18
2014-11-18,68840.59
2014-11-19,68790.42
2014-11-20,68778.61
2014-11-21,69666.17
2014-11-23,69616.77
2014-11-24,69347.95
2014-11-25,68980.01
2014-11-26,68698.74
2014-11-27,68611.50
2014-11-28,68618.67
2014-11-30,68588.07
2014-12-01,68816.24
2014-12-02,68945.62
2014-12-03,69407.17
2014-12-04,68424.06
2014-12-05,68793.91
2014-12-07,68734.28
2014-12-08,69089.45
2014-12-09,69087.54
2014-12-10,68932.56
2014-12-11,69276.00
2014-12-12,68692.48
2014-12-14,68738.37
2014-12-15,68527.50
2014-12-16,67989.20
2014-12-17,68473.89
2014-12-18,69022.68
2014-12-19,68763.09
2014-12-21,68747.55
2014-12-22,68509.91
2014-12-23,68881.61
2014-12-24,68748.53
2014-12-26,68899.42
2014-12-28,68883.17
2014-12-29,68837.08
2014-12-30,68767.58
2014-12-31,68992.63
2015-01-02,68585.28
2015-01-04,68335.96
2015-01-05,68461.66
2015-01-06,68667.05
2015-01-07,69066.20
2015-01-08,69185.77
2015-01-09,69232.55
2015-01-11,69316.56
2015-01-12,69197.03
2015-01-13,69178.03
2015-01-14,69394.55
2015-01-15,71857.71
2015-01-16,73439.80
2015-01-18,73470.08
2015-01-19,72794.68
2015-01-20,72631.52
2015-01-21,72593.95
2015-01-22,73430.93
2015-01-23,73759.31
2015-01-25,73705.52
2015-01-26,73206.29
2015-01-27,72152.55
2015-01-28,72197.33
2015-01-29,71352.28
2015-01-30,71821.08
2015-02-01,71872.91
2015-02-02,71847.23
2015-02-03,71515.47
2015-02-04,71011.57
2015-02-05,70706.26
2015-02-06,71116.25
2015-02-08,71159.08
2015-02-09,71457.60
2015-02-10,71287.13
2015-02-11,71217.06
2015-02-12,71116.63
2015-02-13,71223.87
2015-02-15,71247.94
2015-02-16,70894.25
2015-02-17,70515.41
2015-02-18,70606.38
2015-02-19,70644.90
2015-02-20,70989.34
2015-02-22,70995.34
2015-02-23,71188.41
2015-02-24,71339.34
2015-02-25,71157.32
2015-02-26,72208.97
2015-02-27,72264.24
2015-03-01,72151.73
2015-03-02,71911.30
2015-03-03,71970.55
2015-03-04,72646.66
2015-03-05,72445.56
2015-03-06,73155.69
2015-03-08,73128.54
2015-03-09,73422.92
2015-03-10,73568.30
2015-03-11,73812.10
2015-03-12,73427.52
2015-03-13,73971.77
2015-03-15,73975.27
2015-03-16,73753.78
2015-03-17,73255.43
2015-03-18,74350.24
2015-03-19,74801.45
2015-03-20,74623.62
2015-03-22,74623.62
2015-03-23,74213.34
2015-03-24,74405.66
2015-03-25,73839.59
2015-03-26,74100.05
2015-03-27,73894.35
2015-03-29,73897.42
2015-03-30,73859.96
2015-03-31,74422.02
2015-04-01,74617.80
2015-04-02,74002.82
2015-04-03,73350.16
2015-04-05,73353.72
2015-04-06,72825.37
2015-04-07,73194.33
2015-04-08,73346.95
2015-04-09,73657.23
2015-04-10,73933.26
2015-04-12,73925.66
2015-04-13,73866.47
2015-04-14,72899.61
2015-04-15,73544.37
2015-04-16,73645.32
2015-04-17,73599.55
2015-04-19,73599.55
2015-04-20,73509.32
2015-04-21,73766.71
2015-04-22,73648.58
2015-04-23,73451.98
2015-04-24,73353.52
2015-04-26,73350.49
2015-04-27,73526.62
2015-04-28,73305.94
2015-04-29,72784.39
2015-04-30,72175.04
2015-05-01,71916.21
2015-05-03,71924.07
2015-05-04,72183.97
2015-05-05,71994.33
2015-05-06,71536.43
2015-05-07,71651.78
2015-05-08,71414.10
2015-05-10,71410.48
2015-05-11,71565.45
2015-05-12,70892.48
2015-05-13,70553.49
2015-05-14,70372.49
2015-05-15,70370.73
2015-05-17,70363.54
2015-05-18,70356.76
2015-05-19,71271.67
2015-05-20,70898.63
2015-05-21,70536.74
2015-05-22,70924.00
2015-05-24,70928.36
2015-05-25,71030.80
2015-05-26,70929.79
2015-05-27,71114.56
2015-05-28,71139.06
2015-05-29,71184.21
2015-05-31,71180.66
2015-06-01,71451.13
2015-06-02,70524.19
2015-06-03,70237.29
2015-06-04,69634.50
2015-06-05,70261.00
2015-06-07,70255.65
2015-06-08,70152.69
2015-06-09,71009.21
2015-06-10,71714.41
2015-06-11,71940.67
2015-06-12,71871.01
2015-06-14,71870.85
2015-06-15,71944.56
2015-06-16,72207.11
2015-06-17,72441.25
2015-06-18,72288.70
2015-06-19,72471.79
2015-06-21,72470.15
2015-06-22,72047.43
2015-06-23,72585.96
2015-06-24,72426.22
2015-06-25,72434.94
2015-06-26,72438.59
2015-06-28,72438.59
2015-06-29,72258.19
2015-06-30,72250.00
2015-07-01,71969.73
2015-07-02,71673.36
2015-07-03,71428.29
2015-07-05,71423.47
2015-07-06,71626.37
2015-07-07,72632.78
2015-07-08,72532.82
2015-07-09,72473.95
2015-07-10,71380.27
2015-07-12,71385.60
2015-07-13,71663.73
2015-07-14,71647.60
2015-07-15,71695.51
2015-07-16,72124.44
2015-07-17,72363.76
2015-07-19,72360.55
2015-07-20,72214.75
2015-07-21,71886.08
2015-07-22,71944.74
2015-07-23,71777.65
2015-07-24,71960.66
2015-07-26,71960.66
2015-07-27,71497.81
2015-07-28,71653.41
2015-07-29,71582.48
2015-07-30,71629.83
2015-07-31,70682.30
2015-08-02,70689.52
2015-08-03,70618.07
2015-08-04,70471.65
2015-08-05,70413.66
2015-08-06,70704.21
2015-08-07,70970.21
2015-08-09,70968.77
2015-08-10,71020.93
2015-08-11,70215.48
2015-08-12,70083.61
2015-08-13,70121.73
2015-08-14,70448.15
2015-08-16,70446.57
2015-08-17,70566.34
2015-08-18,70356.21
2015-08-19,70699.90
2015-08-20,70411.93
2015-08-21,70826.02
2015-08-23,70826.02
2015-08-24,69855.24
2015-08-25,70632.88
2015-08-26,70565.84
2015-08-27,71687.34
2015-08-28,71960.81
2015-08-30,71963.12
2015-08-31,71558.49
2015-09-01,71391.05
2015-09-02,71453.23
2015-09-03,72716.29
2015-09-04,72773.16
2015-09-06,72773.77
2015-09-07,72509.08
2015-09-08,72905.39
2015-09-09,73312.12
2015-09-10,73517.77
2015-09-11,73704.03
2015-09-13,73704.03
2015-09-14,74516.03
2015-09-15,74504.02
2015-09-16,74612.85
2015-09-17,74584.04
2015-09-18,74541.79
2015-09-20,74541.79
2015-09-21,74817.23
2015-09-22,74904.31
2015-09-23,75248.17
2015-09-24,74158.55
2015-09-25,74257.81
2015-09-27,74264.55
2015-09-28,74179.47
2015-09-29,75135.51
2015-09-30,75805.08
2015-10-01,75084.63
2015-10-02,74302.58
2015-10-04,74302.58
2015-10-05,74343.17
2015-10-06,73885.82
2015-10-07,74210.32
2015-10-08,74573.36
2015-10-09,74198.82
2015-10-11,74194.00
2015-10-12,74358.82
2015-10-13,74952.79
2015-10-14,74743.67
2015-10-15,75490.23
2015-10-16,75564.35
2015-10-18,75559.96
2015-10-19,75849.90
2015-10-20,75500.37
2015-10-21,75187.13
2015-10-22,76186.25
2015-10-23,76313.90
2015-10-25,76314.63
2015-10-26,76322.56
2015-10-27,76496.00
2015-10-28,76072.70
2015-10-29,75969.43
2015-10-30,75550.94
2015-11-01,75550.94
2015-11-02,75421.14
2015-11-03,75781.01
2015-11-04,76055.31
2015-11-05,76266.31
2015-11-06,76762.97
2015-11-08,76776.68
2015-11-09,76947.93
2015-11-10,77402.39
2015-11-11,77411.40
2015-11-12,77322.36
2015-11-13,77482.51
2015-11-15,77541.82
2015-11-16,77181.62
2015-11-17,77208.63
2015-11-18,76959.19
2015-11-19,76828.26
2015-11-20,76985.70
2015-11-22,76952.20
2015-11-23,76796.30
2015-11-24,76778.61
2015-11-25,77126.21
2015-11-26,76992.64
2015-11-27,76969.84
2015-11-29,76939.95
2015-11-30,77464.52
2015-12-01,77476.75
2015-12-02,78077.88
2015-12-03,76450.97
2015-12-04,76830.70
2015-12-06,76840.39
2015-12-07,76569.98
2015-12-08,76744.67
2015-12-09,76509.40
2015-12-10,76850.09
2015-12-11,76323.76
2015-12-13,76242.28
2015-12-14,75829.15
2015-12-15,76018.44
2015-12-16,75918.96
2015-12-17,75808.44
2015-12-18,76131.82
2015-12-20,76163.14
2015-12-21,75899.92
2015-12-22,75417.57
2015-12-23,75735.86
2015-12-24,75578.83
2015-12-27,75564.94
2015-12-28,75494.42
2015-12-29,76181.72
2015-12-30,76327.88
2015-12-31,76401.11
2016-01-03,76376.51
2016-01-04,77016.47
2016-01-05,77341.61
2016-01-06,77330.94
2016-01-07,77884.15
2016-01-08,77043.50
2016-01-10,77061.44
2016-01-11,77500.99
2016-01-12,78204.68
2016-01-13,77923.93
2016-01-14,78349.15
2016-01-15,77762.99
2016-01-17,77678.67
2016-01-18,77630.85
2016-01-19,78241.62
2016-01-20,78416.70
2016-01-21,79683.94
2016-01-22,79201.78
2016-01-24,79120.95
2016-01-25,78774.18
2016-01-26,79179.84
2016-01-27,79365.43
2016-01-28,78964.70
2016-01-29,79254.07
2016-01-31,79270.05
2016-02-01,79399.48
2016-02-02,79401.71
2016-02-03,79188.22
2016-02-04,79004.67
2016-02-05,79075.11
2016-02-07,79085.13
2016-02-08,78930.00
2016-02-09,78745.50
2016-02-10,79943.96
2016-02-11,79329.34
2016-02-12,79740.09
2016-02-14,79706.86
2016-02-15,79933.47
2016-02-16,79669.39
2016-02-17,80591.64
2016-02-18,80600.14
2016-02-19,80928.45
2016-02-21,80801.58
2016-02-22,81303.96
2016-02-23,81254.29
2016-02-24,81399.83
2016-02-25,81605.23
2016-02-26,82023.33
2016-02-28,82010.04
2016-02-29,82595.60
2016-03-01,82931.04
2016-03-02,83325.31
2016-03-03,83260.61
2016-03-04,82796.10
2016-03-06,82795.66
2016-03-07,83188.63
2016-03-08,82705.55
2016-03-09,83231.73
2016-03-10,82454.15
2016-03-11,82767.27
2016-03-13,82713.69
2016-03-14,82511.11
2016-03-15,82580.71
2016-03-16,83269.18
2016-03-17,82840.41
2016-03-18,82519.62
2016-03-20,82519.62
2016-03-21,82531.00
2016-03-22,82812.09
2016-03-23,82794.24
2016-03-24,83042.72
2016-03-25,83030.07
2016-03-27,83030.07
2016-03-28,82897.37
2016-03-29,83413.36
2016-03-30,83313.05
2016-03-31,83019.03
2016-04-01,83411.79
2016-04-03,83414.40
2016-04-04,83351.13
2016-04-05,83433.70
2016-04-06,83443.63
2016-04-07,83314.42
2016-04-08,83325.60
2016-04-10,83325.60
2016-04-11,83227.47
2016-04-12,83322.02
2016-04-13,83494.71
2016-04-14,83882.61
2016-04-15,83751.12
2016-04-17,83751.08
2016-04-18,83845.23
2016-04-19,83399.45
2016-04-20,83478.60
2016-04-21,83093.47
2016-04-22,83028.79
2016-04-24,83035.55
2016-04-25,83011.47
2016-04-26,82515.94
2016-04-27,82374.04
2016-04-28,83235.70
2016-04-29,82757.65
2016-05-01,82756.47
2016-05-02,82503.43
2016-05-03,81792.18
2016-05-04,81680.37
2016-05-05,82094.14
2016-05-06,81807.82
2016-05-08,81808.93
2016-05-09,81572.05
2016-05-10,81333.58
2016-05-11,81215.31
2016-05-12,81074.01
2016-05-13,81528.30
2016-05-15,81527.08
2016-05-16,81421.28
2016-05-17,81205.21
2016-05-18,81048.23
2016-05-19,81064.53
2016-05-20,81036.76
2016-05-22,81036.09
2016-05-23,81047.71
2016-05-24,81412.56
2016-05-25,81489.14
2016-05-26,81477.34
2016-05-27,81577.58
2016-05-29,81577.93
2016-05-30,81438.54
2016-05-31,80953.11
2016-06-01,80520.54
2016-06-02,80715.21
2016-06-03,79950.83
2016-06-05,79950.83
2016-06-06,80152.24
2016-06-07,80324.42
2016-06-08,80081.91
2016-06-09,80546.51
2016-06-10,80446.73
2016-06-12,80446.73
2016-06-13,80388.25
2016-06-14,80859.95
2016-06-15,80870.12
2016-06-16,82112.35
2016-06-17,82371.61
2016-06-19,82371.61
2016-06-20,82391.14
2016-06-21,82740.63
2016-06-22,82545.25
2016-06-23,82994.85
2016-06-24,84301.69
2016-06-26,84301.69
2016-06-27,84516.12
2016-06-28,84094.85
2016-06-29,83651.80
2016-06-30,83397.51
2016-07-01,82893.83
2016-07-03,82901.75
2016-07-04,83253.31
2016-07-05,83128.72
2016-07-06,83511.00
2016-07-07,83429.47
2016-07-08,83880.27
2016-07-10,83880.27
2016-07-11,83852.62
2016-07-12,84000.91
2016-07-13,83885.25
2016-07-14,83719.05
2016-07-15,83771.46
2016-07-17,83779.60
2016-07-18,83908.55
2016-07-19,84380.99
2016-07-20,84526.34
2016-07-21,84706.12
2016-07-22,85015.15
2016-07-24,85018.46
2016-07-25,85111.01
2016-07-26,85191.01
2016-07-27,85733.05
2016-07-28,85386.83
2016-07-29,85271.25
2016-07-31,85267.22
2016-08-01,85112.74
2016-08-02,84948.09
2016-08-03,84948.70
2016-08-04,85083.33
2016-08-05,85374.66
2016-08-07,85369.17
2016-08-08,85669.04
2016-08-09,85813.59
2016-08-10,85690.02
2016-08-11,85564.61
2016-08-12,85218.77
2016-08-14,85219.66
2016-08-15,85118.74
2016-08-16,84875.51
2016-08-17,84661.12
2016-08-18,84407.41
2016-08-19,84708.06
2016-08-21,84704.09
2016-08-22,84655.62
2016-08-23,84750.08
2016-08-24,85032.36
2016-08-25,84822.19
2016-08-26,84455.84
2016-08-28,84459.92
2016-08-29,84735.50
2016-08-30,84540.14
2016-08-31,84820.36
2016-09-01,84569.86
2016-09-02,84615.09
2016-09-04,84615.14
2016-09-05,84713.30
2016-09-06,84433.97
2016-09-07,84426.47
2016-09-08,84226.04
2016-09-09,84479.49
2016-09-11,84478.10
2016-09-12,84618.53
2016-09-13,84335.03
2016-09-14,84399.07
2016-09-15,84700.65
2016-09-16,84944.04
2016-09-18,84949.75
2016-09-19,84879.11
2016-09-20,84961.04
2016-09-21,84839.00
2016-09-22,84289.31
2016-09-23,84332.14
2016-09-25,84332.14
2016-09-26,84115.88
2016-09-27,84321.12
2016-09-28,84379.99
2016-09-29,84256.52
2016-09-30,84100.06
2016-10-02,84097.38
2016-10-03,84095.09
2016-10-04,84619.29
2016-10-05,84620.76
2016-10-06,84600.83
2016-10-07,84394.90
2016-10-09,84394.90
2016-10-10,84488.34
2016-10-11,84699.80
2016-10-12,84919.41
2016-10-13,85194.26
2016-10-14,85303.10
2016-10-16,85303.10
2016-10-17,85329.22
2016-10-18,85448.89
2016-10-19,85509.99
2016-10-20,85692.23
2016-10-21,85976.62
2016-10-23,85973.85
2016-10-24,85808.94
2016-10-25,86294.73
2016-10-26,85946.74
2016-10-27,85618.03
2016-10-28,85654.51
2016-10-30,85654.51
2016-10-31,85879.01
2016-11-01,85362.42
2016-11-02,85100.02
2016-11-03,85323.75
2016-11-04,85180.26
2016-11-06,85166.83
2016-11-07,85315.16
2016-11-08,85334.93
2016-11-09,88836.73
2016-11-10,89052.60
2016-11-11,88889.65
2016-11-13,88843.64
2016-11-14,88945.08
2016-11-15,89299.96
2016-11-16,89415.15
2016-11-17,89373.68
2016-11-18,89497.18
2016-11-20,89472.88
2016-11-21,89762.42
2016-11-22,89906.75
2016-11-23,90619.75
2016-11-24,90430.61
2016-11-25,90381.91
2016-11-27,90381.63
2016-11-28,90782.85
2016-11-29,90904.70
2016-11-30,90873.10
2016-12-01,90830.33
2016-12-02,91090.79
2016-12-04,90847.27
2016-12-05,90458.33
2016-12-06,90298.70
2016-12-07,90328.81
2016-12-08,91142.20
2016-12-09,91563.10
2016-12-11,91625.20
2016-12-12,91821.67
2016-12-13,91654.74
2016-12-14,91520.14
2016-12-15,91777.41
2016-12-16,91802.92
2016-12-18,91747.95
2016-12-19,91569.32
2016-12-20,91770.14
2016-12-21,91550.72
2016-12-22,91321.59
2016-12-23,91174.28
2016-12-26,91182.44
2016-12-27,91195.53
2016-12-28,91737.53
2016-12-29,91665.46
2016-12-30,91375.51
2017-01-01,91398.36
2017-01-02,91499.31
2017-01-03,92074.47
2017-01-04,91833.80
2017-01-05,91810.35
2017-01-06,91728.24
2017-01-08,91714.36
2017-01-09,91529.71
2017-01-10,91551.83
2017-01-11,92593.88
2017-01-12,92183.63
2017-01-13,92240.49
2017-01-15,91967.73
2017-01-16,92039.57
2017-01-17,91476.99
2017-01-18,91440.19
2017-01-19,92000.28
2017-01-20,92011.17
2017-01-22,92075.89
2017-01-23,92260.28
2017-01-24,92352.09
2017-01-25,92276.64
2017-01-26,92827.83
2017-01-27,92675.96
2017-01-29,92722.62
2017-01-30,92935.17
2017-01-31,92390.63
2017-02-01,92458.69
2017-02-02,92205.91
2017-02-03,92251.09
2017-02-05,92230.97
2017-02-06,92207.41
2017-02-07,92352.59
2017-02-08,92214.74
2017-02-09,92292.24
2017-02-10,92639.61
2017-02-12,92649.60
2017-02-13,92613.71
2017-02-14,92728.56
2017-02-15,92999.05
2017-02-16,92541.85
2017-02-17,92681.16
2017-02-19,92654.09
2017-02-20,92673.81
2017-02-21,93042.10
2017-02-22,92930.98
2017-02-23,92727.95
2017-02-24,92651.22
2017-02-26,92592.01
2017-02-27,92266.63
2017-02-28,92044.01
2017-03-01,92011.84
2017-03-02,91807.99
2017-03-03,91652.54
2017-03-05,91714.06
2017-03-06,91532.96
2017-03-07,91530.25
2017-03-08,91443.24
2017-03-09,91131.18
2017-03-10,90793.11
2017-03-12,90779.50
2017-03-13,91195.91
2017-03-14,91239.77
2017-03-15,91374.37
2017-03-16,91299.12
2017-03-17,91514.76
2017-03-19,91512.58
2017-03-20,91473.77
2017-03-21,91209.26
2017-03-22,91417.45
2017-03-23,91457.37
2017-03-24,91388.46
2017-03-26,91388.46
2017-03-27,90982.53
2017-03-28,90646.14
2017-03-29,91166.41
2017-03-30,91094.84
2017-03-31,91094.48
2017-04-02,91094.48
2017-04-03,91101.86
2017-04-04,91114.50
2017-04-05,91142.41
2017-04-06,91291.96
2017-04-07,91419.24
2017-04-09,91419.24
2017-04-10,91327.99
2017-04-11,90850.71
2017-04-12,90730.01
2017-04-13,90929.32
2017-04-14,90845.02
2017-04-16,90845.02
2017-04-17,90691.08
2017-04-18,90420.35
2017-04-19,90328.82
2017-04-20,89839.41
2017-04-21,90049.97
2017-04-23,90055.79
2017-04-24,89986.77
2017-04-25,89610.57
2017-04-26,90075.07
2017-04-27,90109.68
2017-04-28,89869.06
2017-04-30,89864.72
2017-05-01,89873.43
2017-05-02,89962.96
2017-05-03,89924.32
2017-05-04,89575.12
2017-05-05,89889.55
2017-05-07,89885.05
2017-05-08,89998.27
2017-05-09,90308.21
2017-05-10,90855.16
2017-05-11,91054.34
2017-05-12,90857.64
2017-05-14,90859.42
2017-05-15,90711.37
2017-05-16,90325.01
2017-05-17,90140.08
2017-05-18,89860.41
2017-05-19,89419.03
2017-05-21,89416.31
2017-05-22,89213.79
2017-05-23,89207.08
2017-05-24,89278.20
2017-05-25,89447.61
2017-05-26,89913.78
2017-05-28,89914.77
2017-05-29,89754.25
2017-05-30,89532.45
2017-05-31,89147.83
2017-06-01,89266.49
2017-06-02,89315.49
2017-06-04,89313.67
2017-06-05,89492.87
2017-06-06,89873.74
2017-06-07,90034.98
2017-06-08,90532.35
2017-06-09,90705.74
2017-06-11,90708.49
2017-06-12,90703.35
2017-06-13,90487.09
2017-06-14,90123.47
2017-06-15,90635.41
2017-06-16,90464.04
2017-06-18,90463.07
2017-06-19,90433.97
2017-06-20,90713.96
2017-06-21,90677.39
2017-06-22,90792.72
2017-06-23,90654.67
2017-06-25,90656.82
2017-06-26,90615.19
2017-06-27,90344.01
2017-06-28,90267.56
2017-06-29,90229.61
2017-06-30,90394.36
2017-07-02,90397.41
2017-07-03,90385.71
2017-07-04,90322.06
2017-07-05,90385.91
2017-07-06,89992.88
2017-07-07,90165.79
2017-07-09,90167.23
2017-07-10,90240.25
2017-07-11,90102.52
2017-07-12,90496.69
2017-07-13,90763.13
2017-07-14,90727.66
2017-07-16,90728.28
2017-07-17,90816.26
2017-07-18,90500.70
2017-07-19,90582.09
2017-07-20,90027.97
2017-07-21,90327.24
2017-07-23,90321.94
2017-07-24,90450.92
2017-07-25,90332.61
2017-07-26,90573.83
2017-07-27,90537.96
2017-07-28,90470.06
2017-07-30,90463.37
2017-07-31,90395.67
2017-08-01,90414.73
2017-08-02,90280.79
2017-08-03,90274.37
2017-08-04,90993.62
2017-08-06,90996.53
2017-08-07,90794.86
2017-08-08,91104.66
2017-08-09,91006.82
2017-08-10,91017.79
2017-08-11,91099.17
2017-08-13,91096.22
2017-08-14,91028.91
2017-08-15,91353.02
2017-08-16,91999.32
2017-08-17,92129.06
2017-08-18,92076.06
2017-08-20,92076.06
2017-08-21,91840.93
2017-08-22,92077.48
2017-08-23,91720.74
2017-08-24,91778.73
2017-08-25,91720.37
2017-08-27,91720.37
2017-08-28,91705.97
2017-08-29,91512.09
2017-08-30,91416.76
2017-08-31,91615.05
2017-09-01,91595.89
2017-09-03,91606.03
2017-09-04,91383.05
2017-09-05,91567.40
2017-09-06,91378.98
2017-09-07,90902.38
2017-09-08,90794.95
2017-09-10,90788.50
2017-09-11,90808.06
2017-09-12,91273.37
2017-09-13,91369.63
2017-09-14,91264.11
2017-09-15,90847.25
2017-09-17,90848.72
2017-09-18,90384.89
2017-09-19,90630.84
2017-09-20,90665.53
2017-09-21,90550.17
2017-09-22,90899.03
2017-09-24,90887.85
2017-09-25,91082.78
2017-09-26,91673.27
2017-09-27,92293.04
2017-09-28,91938.69
2017-09-29,91855.21
2017-10-01,91851.83
2017-10-02,91972.53
2017-10-03,91666.90
2017-10-04,91511.13
2017-10-05,91756.87
2017-10-06,91789.78
2017-10-08,91789.78
2017-10-09,91803.37
2017-10-10,91530.61
2017-10-11,91286.34
2017-10-12,91664.04
2017-10-13,91828.52
2017-10-15,91828.52
2017-10-16,91793.59
2017-10-17,92064.22
2017-10-18,92080.80
2017-10-19,91508.84
2017-10-20,91577.51
2017-10-22,91576.12
2017-10-23,91575.52
2017-10-24,91390.01
2017-10-25,90891.81
2017-10-26,91297.53
2017-10-27,92015.06
2017-10-29,92015.06
2017-10-30,92103.80
2017-10-31,92034.34
2017-11-01,92111.02
2017-11-02,91977.33
2017-11-03,91940.21
2017-11-05,91944.39
2017-11-06,92289.55
2017-11-07,92404.88
2017-11-08,92624.94
2017-11-09,92617.40
2017-11-10,92329.07
2017-11-12,92260.15
2017-11-13,91974.59
2017-11-14,91796.81
2017-11-15,91637.59
2017-11-16,91724.70
2017-11-17,91919.67
2017-11-19,91877.30
2017-11-20,91748.24
2017-11-21,92136.61
2017-11-22,92088.52
2017-11-23,92073.27
2017-11-24,91416.09
2017-11-26,91399.12
2017-11-27,91471.14
2017-11-28,91696.18
2017-11-29,91832.33
2017-11-30,91702.98
2017-12-01,92506.36
2017-12-03,92403.18
2017-12-04,92379.00
2017-12-05,92328.51
2017-12-06,92751.16
2017-12-07,92839.66
2017-12-08,92940.95
2017-12-10,92904.49
2017-12-11,92797.41
2017-12-12,93098.52
2017-12-13,93422.77
2017-12-14,93701.32
2017-12-15,93684.52
2017-12-17,93681.07
2017-12-18,93489.91
2017-12-19,93497.34
2017-12-20,93251.37
2017-12-21,93419.02
2017-12-22,93505.18
2017-12-24,93468.49
2017-12-26,93411.36
2017-12-27,93343.61
2017-12-28,93193.33
2017-12-29,92803.75
2017-12-31,92752.24
2018-01-01,92725.18
2018-01-02,92570.30
2018-01-03,92749.53
2018-01-04,92542.18
2018-01-05,92796.01
2018-01-07,92793.43
2018-01-08,92980.94
2018-01-09,93301.10
2018-01-10,92835.91
2018-01-11,92041.52
2018-01-12,91488.51
2018-01-14,91552.02
2018-01-15,91598.99
2018-01-16,92069.47
2018-01-17,92251.75
2018-01-18,92008.23
2018-01-19,92103.15
2018-01-21,92127.28
2018-01-22,92358.79
2018-01-23,92239.14
2018-01-24,92160.91
2018-01-25,91255.65
2018-01-26,91352.46
2018-01-28,91223.52
2018-01-29,91536.55
2018-01-30,91147.91
2018-01-31,91004.35
2018-02-01,90975.09
2018-02-02,91395.47
2018-02-04,91241.90
2018-02-05,91008.54
2018-02-06,91792.70
2018-02-07,92122.46
2018-02-08,91784.68
2018-02-09,92140.78
2018-02-11,92138.84
2018-02-12,92078.80
2018-02-13,91587.46
2018-02-14,92050.29
2018-02-15,91811.32
2018-02-16,92228.72
2018-02-18,92274.65
2018-02-19,92238.76
2018-02-20,92492.01
2018-02-21,92550.63
2018-02-22,92411.43
2018-02-23,92366.23
2018-02-25,92341.88
2018-02-26,92496.08
2018-02-27,92980.86
2018-02-28,93187.74
2018-03-01,93785.71
2018-03-02,93370.60
2018-03-04,93427.02
2018-03-05,93419.36
2018-03-06,93225.70
2018-03-07,93338.25
2018-03-08,93366.26
2018-03-09,93441.55
2018-03-11,93429.98
2018-03-12,93670.90
2018-03-13,93214.34
2018-03-14,93569.89
2018-03-15,93538.54
2018-03-16,93618.22
2018-03-18,93619.74
2018-03-19,93505.23
2018-03-20,93868.41
2018-03-21,93968.58
2018-03-22,94028.06
2018-03-23,94021.94
2018-03-25,94024.07
2018-03-26,93774.07
2018-03-27,94237.29
2018-03-28,94296.36
2018-03-29,94586.64
2018-03-30,94444.61
2018-04-01,94444.61
2018-04-02,94366.63
2018-04-03,94617.93
2018-04-04,94178.67
2018-04-05,94548.44
2018-04-06,94419.52
2018-04-08,94419.52
2018-04-09,94242.12
2018-04-10,93922.88
2018-04-11,93837.99
2018-04-12,94333.20
2018-04-13,94274.68
2018-04-15,94274.07
2018-04-16,94211.54
2018-04-17,94542.52
2018-04-18,94616.61
2018-04-19,94317.66
2018-04-20,94688.06
2018-04-22,94683.66
2018-04-23,94687.90
2018-04-24,94678.81
2018-04-25,94858.52
2018-04-26,94906.19
2018-04-27,95179.12
2018-04-29,95175.76
2018-04-30,95380.59
2018-05-01,95738.43
2018-05-02,95807.86
2018-05-03,95896.09
2018-05-04,96322.45
2018-05-06,96321.00
2018-05-07,96550.62
2018-05-08,96908.00
2018-05-09,96863.14
2018-05-10,97003.79
2018-05-11,96642.76
2018-05-13,96645.74
2018-05-14,96337.12
2018-05-15,96711.00
2018-05-16,97278.25
2018-05-17,97411.68
2018-05-18,97921.39
2018-05-20,97917.51
2018-05-21,98028.66
2018-05-22,98053.17
2018-05-23,98458.65
2018-05-24,98265.46
2018-05-25,98727.55
2018-05-27,98721.97
2018-05-28,99256.39
2018-05-29,99492.11
2018-05-30,99601.72
2018-05-31,99965.24
2018-06-01,100120.77
2018-06-03,100120.77
2018-06-04,100150.21
2018-06-05,100468.58
2018-06-06,99925.23
2018-06-07,99772.79
2018-06-08,100143.04
2018-06-10,100143.04
2018-06-11,99955.00
2018-06-12,99682.29
2018-06-13,99849.47
2018-06-14,100605.32
2018-06-15,100233.60
2018-06-17,100230.72
2018-06-18,100154.65
2018-06-19,100526.19
2018-06-20,100274.24
2018-06-21,99990.56
2018-06-22,99898.56
2018-06-24,99898.39
2018-06-25,99636.76
2018-06-26,99761.75
2018-06-27,99994.67
2018-06-28,99697.10
2018-06-29,99495.03
2018-07-01,99495.03
2018-07-02,99478.50
2018-07-03,99603.28
2018-07-04,99680.65
2018-07-05,99464.90
2018-07-06,99174.38
2018-07-08,99180.92
2018-07-09,99057.04
2018-07-10,99322.38
2018-07-11,99014.46
2018-07-12,98882.28
2018-07-13,98926.77
2018-07-15,98926.77
2018-07-16,98779.48
2018-07-17,98635.50
2018-07-18,98739.02
2018-07-19,98862.46
2018-07-20,98841.58
2018-07-22,98841.58
2018-07-23,98750.33
2018-07-24,98564.86
2018-07-25,98814.50
2018-07-26,99016.81
2018-07-27,99101.28
2018-07-29,99099.94
2018-07-30,98974.58
2018-07-31,98976.68
2018-08-01,98935.11
2018-08-02,99033.47
2018-08-03,99243.20
2018-08-05,99240.47
2018-08-06,99195.28
2018-08-07,98970.50
2018-08-08,99252.10
2018-08-09,99121.93
2018-08-10,99492.71
2018-08-12,99495.98
2018-08-13,99300.39
2018-08-14,99341.69
2018-08-15,99760.98
2018-08-16,99497.60
2018-08-17,99342.32
2018-08-19,99342.36
2018-08-20,99394.93
2018-08-21,99665.23
2018-08-22,99380.27
2018-08-23,99097.53
2018-08-24,98892.94
2018-08-26,98893.94
2018-08-27,98755.22
2018-08-28,98462.42
2018-08-29,98387.63
2018-08-30,98823.09
2018-08-31,98973.72
2018-09-02,98973.72
2018-09-03,98940.61
2018-09-04,99250.20
2018-09-05,98898.82
2018-09-06,98808.19
2018-09-07,98972.26
2018-09-09,98973.94
2018-09-10,98612.48
2018-09-11,98843.85
2018-09-12,98862.17
2018-09-13,98481.59
2018-09-14,98539.96
2018-09-16,98539.97
2018-09-17,98414.29
2018-09-18,98081.94
2018-09-19,98251.47
2018-09-20,97930.65
2018-09-21,98223.43
2018-09-23,98223.59
2018-09-24,97641.58
2018-09-25,97453.71
2018-09-26,97375.62
2018-09-27,97427.17
2018-09-28,97821.80
2018-09-30,97819.93
2018-10-01,97694.34
2018-10-02,97613.81
2018-10-03,97824.15
2018-10-04,97403.86
2018-10-05,97391.75
2018-10-07,97391.75
2018-10-08,97681.14
2018-10-09,98042.53
2018-10-10,97791.37
2018-10-11,98041.78
2018-10-12,98285.40
2018-10-14,98283.51
2018-10-15,98265.87
2018-10-16,98106.54
2018-10-17,98239.33
2018-10-18,98021.76
2018-10-19,97851.07
2018-10-21,97852.81
2018-10-22,97965.84
2018-10-23,97914.05
2018-10-24,98143.84
2018-10-25,98171.67
2018-10-26,98705.38
2018-10-28,98704.69
2018-10-29,98617.70
2018-10-30,98479.50
2018-10-31,98525.18
2018-11-01,98371.20
2018-11-02,98052.72
2018-11-04,98064.55
2018-11-05,98154.19
2018-11-06,98089.75
2018-11-07,97734.48
2018-11-08,97532.28
2018-11-09,97464.82
2018-11-11,97364.74
2018-11-12,97307.49
2018-11-13,96763.69
2018-11-14,96691.79
2018-11-15,97054.03
2018-11-16,96815.89
2018-11-18,96815.75
2018-11-19,96591.80
2018-11-20,96691.07
2018-11-21,96717.80
2018-11-22,96624.28
2018-11-23,96952.37
2018-11-25,96973.36
2018-11-26,96879.03
2018-11-27,97262.68
2018-11-28,97656.96
2018-11-29,97729.42
2018-11-30,98139.25
2018-12-02,98120.98
2018-12-03,98273.83
2018-12-04,98152.18
2018-12-05,98091.15
2018-12-06,97944.22
2018-12-07,97699.67
2018-12-09,97656.69
2018-12-10,97531.20
2018-12-11,97664.78
2018-12-12,97299.02
2018-12-13,97548.49
2018-12-14,98256.74
2018-12-16,98239.26
2018-12-17,98254.05
2018-12-18,97866.49
2018-12-19,97525.59
2018-12-20,97713.48
2018-12-21,97633.74
2018-12-23,97634.35
2018-12-24,97495.96
2018-12-26,96964.23
2018-12-27,96955.27
2018-12-28,96879.72
2018-12-30,96894.84
2018-12-31,96813.17
2019-01-02,96872.85
2019-01-03,97095.49
2019-01-04,97450.70
2019-01-06,97402.91
2019-01-07,97474.64
2019-01-08,97384.47
2019-01-09,97259.62
2019-01-10,97411.97
2019-01-11,97642.94
2019-01-13,97655.35
2019-01-14,97945.00
2019-01-15,97968.67
2019-01-16,97951.69
2019-01-17,97991.95
2019-01-18,98159.51
2019-01-20,98120.91
2019-01-21,98235.58
2019-01-22,98248.88
2019-01-23,98079.84
2019-01-24,98099.27
2019-01-25,98084.29
2019-01-27,98094.10
2019-01-28,97712.41
2019-01-29,97508.14
2019-01-30,97546.37
2019-01-31,97693.42
2019-02-01,97552.52
2019-02-03,97516.40
2019-02-04,97427.64
2019-02-05,97481.27
2019-02-06,97672.12
2019-02-07,97720.25
2019-02-08,97823.09
2019-02-10,97824.14
2019-02-11,97752.02
2019-02-12,97791.62
2019-02-13,97603.66
2019-02-14,97561.65
2019-02-15,98058.40
2019-02-17,98071.49
2019-02-18,98035.91
2019-02-19,97993.92
2019-02-20,98045.78
2019-02-21,97632.58
2019-02-22,98083.53
2019-02-24,98037.90
2019-02-25,98297.23
2019-02-26,98456.06
2019-02-27,98031.04
2019-02-28,97631.57
2019-03-01,97347.38
2019-03-03,97414.47
2019-03-04,97502.34
2019-03-05,97705.98
2019-03-06,97701.47
2019-03-07,97932.23
2019-03-08,97891.93
2019-03-10,97831.60
2019-03-11,98169.99
2019-03-12,98212.01
2019-03-13,98279.44
2019-03-14,98384.99
2019-03-15,98396.45
2019-03-17,98396.45
2019-03-18,98347.74
2019-03-19,98401.53
2019-03-20,98671.92
2019-03-21,98790.96
2019-03-22,99452.11
2019-03-24,99453.94
2019-03-25,99452.72
2019-03-26,99660.52
2019-03-27,99855.85
2019-03-28,99932.94
2019-03-29,99944.95
2019-03-31,99952.59
2019-04-01,100015.49
2019-04-02,100176.58
2019-04-03,100322.62
2019-04-04,100486.93
2019-04-05,100430.45
2019-04-07,100430.45
2019-04-08,100363.93
2019-04-09,100196.15
2019-04-10,100348.95
2019-04-11,100288.27
2019-04-12,100171.63
2019-04-14,100174.37
2019-04-15,100057.80
2019-04-16,100228.14
2019-04-17,100141.52
2019-04-18,100178.04
2019-04-19,100080.12
2019-04-21,100080.12
2019-04-22,99953.07
2019-04-23,100093.94
2019-04-24,100073.49
2019-04-25,100113.88
2019-04-26,100072.36
2019-04-28,100069.02
2019-04-29,100121.96
2019-04-30,99922.71
2019-05-01,99613.29
2019-05-02,99600.66
2019-05-03,99836.35
2019-05-05,99836.35
2019-05-06,99754.18
2019-05-07,99876.90
2019-05-08,99959.77
2019-05-09,99729.76
2019-05-10,99593.12
2019-05-12,99597.77
2019-05-13,99317.39
2019-05-14,99445.84
2019-05-15,99571.23
2019-05-16,99890.57
2019-05-17,99967.11
2019-05-19,99970.16
2019-05-20,99902.58
2019-05-21,99733.56
2019-05-22,99777.16
2019-05-23,99978.28
2019-05-24,100167.41
2019-05-26,100167.41
2019-05-27,100184.02
2019-05-28,100064.18
2019-05-29,99922.57
2019-05-30,99812.17
2019-05-31,99955.50
2019-06-02,99955.50
2019-06-03,100133.32
2019-06-04,100484.42
2019-06-05,100087.87
2019-06-06,99833.86
2019-06-07,99622.50
2019-06-09,99618.09
2019-06-10,99520.80
2019-06-11,99510.71
2019-06-12,99458.81
2019-06-13,99709.42
2019-06-14,99883.46
2019-06-16,99886.92
2019-06-17,99564.73
2019-06-18,100151.97
2019-06-19,99988.63
2019-06-20,99915.94
2019-06-21,99862.52
2019-06-23,99862.52
2019-06-24,99932.00
2019-06-25,100138.18
2019-06-26,100129.87
2019-06-27,100050.14
2019-06-28,99804.45
2019-06-30,99804.45
2019-07-01,99396.09
2019-07-02,99266.21
2019-07-03,99452.02
2019-07-04,99364.36
2019-07-05,99559.03
2019-07-07,99560.43
2019-07-08,99543.01
2019-07-09,99543.86
2019-07-10,99369.76
2019-07-11,99428.02
2019-07-12,99695.07
2019-07-14,99695.07
2019-07-15,99581.39
2019-07-16,99774.53
2019-07-17,99708.67
2019-07-18,99992.44
2019-07-19,100134.89
2019-07-21,100139.46
2019-07-22,100115.45
2019-07-23,100337.83
2019-07-24,100425.21
2019-07-25,99956.29
2019-07-26,99953.89
2019-07-28,99954.29
2019-07-29,99886.86
2019-07-30,99766.86
2019-07-31,99684.06
2019-08-01,99931.42
2019-08-02,99801.25
2019-08-04,99795.94
2019-08-05,99526.35
2019-08-06,99495.00
2019-08-07,100110.74
2019-08-08,100128.54
2019-08-09,100099.89
2019-08-11,100099.89
2019-08-12,99935.94
2019-08-13,99818.12
2019-08-14,99504.68
2019-08-15,99730.76
2019-08-16,99607.53
2019-08-18,99605.98
2019-08-19,99541.14
2019-08-20,99593.00
2019-08-21,99594.63
2019-08-22,99562.98
2019-08-23,99679.92
2019-08-25,99679.92
2019-08-26,99967.48
2019-08-27,99843.50
2019-08-28,100111.36
2019-08-29,100236.72
2019-08-30,100351.07
2019-09-01,100355.99
2019-09-02,100504.61
2019-09-03,100825.92
2019-09-04,100521.63
2019-09-05,100082.78
2019-09-06,100242.52
2019-09-08,100242.14
2019-09-09,100055.16
2019-09-10,100037.51
2019-09-11,100469.78
2019-09-12,100452.32
2019-09-13,100288.92
2019-09-15,100294.14
2019-09-16,100466.87
2019-09-17,100494.12
2019-09-18,100522.95
2019-09-19,100557.62
2019-09-20,100808.65
2019-09-22,100808.65
2019-09-23,100997.90
2019-09-24,101076.57
2019-09-25,101016.97
2019-09-26,100924.92
2019-09-27,100785.13
2019-09-29,100784.74
2019-09-30,100871.05
2019-10-01,100861.42
2019-10-02,100681.57
2019-10-03,100589.76
2019-10-04,100712.89
2019-10-06,100710.76
2019-10-07,100450.46
2019-10-08,100477.18
2019-10-09,100298.75
2019-10-10,100376.00
2019-10-11,100046.61
2019-10-13,100045.61
2019-10-14,99791.77
2019-10-15,100050.32
2019-10-16,99938.72
2019-10-17,99834.26
2019-10-18,99887.91
2019-10-20,99879.57
2019-10-21,99810.45
2019-10-22,99815.35
2019-10-23,100025.32
2019-10-24,100143.56
2019-10-25,100267.21
2019-10-27,100268.58
2019-10-28,100356.57
2019-10-29,100050.77
2019-10-30,100072.95
2019-10-31,99858.22
2019-11-01,99813.03
2019-11-03,99813.03
2019-11-04,99652.12
2019-11-05,99880.44
2019-11-06,99813.35
2019-11-07,100011.57
2019-11-08,100021.24
2019-11-10,100031.59
2019-11-11,100149.58
2019-11-12,100356.91
2019-11-13,100192.46
2019-11-14,100214.26
2019-11-15,100058.96
2019-11-17,100068.03
2019-11-18,100030.29
2019-11-19,100161.98
2019-11-20,100208.20
2019-11-21,100010.90
2019-11-22,100232.04
2019-11-24,100227.62
2019-11-25,100279.93
2019-11-26,100452.91
2019-11-27,100610.10
2019-11-28,100661.32
2019-11-29,100550.54
2019-12-01,100504.45
2019-12-02,100635.75
2019-12-03,100421.52
2019-12-04,100252.76
2019-12-05,100090.67
2019-12-06,100477.74
2019-12-08,100463.86
2019-12-09,100463.84
2019-12-10,100254.46
2019-12-11,100515.19
2019-12-12,100606.16
2019-12-13,100623.61
2019-12-15,100649.66
2019-12-16,100852.99
2019-12-17,100755.39
2019-12-18,101007.46
2019-12-19,101102.58
2019-12-20,101229.21
2019-12-22,101206.01
2019-12-23,101151.97
2019-12-24,101272.32
2019-12-26,101289.18
2019-12-27,101122.26
2019-12-29,101048.48
2019-12-30,101229.78
2019-12-31,101128.41
2020-01-02,100844.87
2020-01-03,100995.30
2020-01-05,100978.55
2020-01-06,101039.55
2020-01-07,101151.68
2020-01-08,101160.91
2020-01-09,101203.55
2020-01-10,101311.16
2020-01-12,101271.96
2020-01-13,101176.82
2020-01-14,101374.33
2020-01-15,101159.90
2020-01-16,101223.70
2020-01-17,101431.33
2020-01-19,101388.75
2020-01-20,101383.15
2020-01-21,101261.15
2020-01-22,101381.24
2020-01-23,101517.26
2020-01-24,101545.77
2020-01-26,101534.90
2020-01-27,101386.07
2020-01-28,101587.99
2020-01-29,101539.31
2020-01-30,101193.97
2020-01-31,100729.82
2020-02-02,100716.52
2020-02-03,100539.93
2020-02-04,100678.35
2020-02-05,100945.97
2020-02-06,100932.65
2020-02-07,100695.94
2020-02-09,100687.76
2020-02-10,100721.82
2020-02-11,100699.44
2020-02-12,100651.44
2020-02-13,100801.55
2020-02-14,100781.38
2020-02-16,100765.75
2020-02-17,100726.18
2020-02-18,100615.71
2020-02-19,100655.51
2020-02-20,100576.36
2020-02-21,100486.84
2020-02-23,100389.04
2020-02-24,100266.22
2020-02-25,100193.47
2020-02-26,100111.20
2020-02-27,99836.68
2020-02-28,99838.49
2020-03-01,99976.26
2020-03-02,99687.99
2020-03-03,99992.67
2020-03-04,100334.09
2020-03-05,100031.48
2020-03-06,99477.59
2020-03-08,99796.43
2020-03-09,100977.80
2020-03-10,100139.06
2020-03-11,100397.17
2020-03-12,101258.42
2020-03-13,101012.33
2020-03-15,101045.25
2020-03-16,101387.78
2020-03-17,102553.90
2020-03-18,102718.02
2020-03-19,107545.45
2020-03-20,106733.50
2020-03-22,106737.14
2020-03-23,105919.78
2020-03-24,105420.79
2020-03-25,105460.40
2020-03-26,105630.90
2020-03-27,106509.32
2020-03-29,106500.69
2020-03-30,106846.66
2020-03-31,107100.09
2020-04-01,107625.53
2020-04-02,107861.42
2020-04-03,108038.66
2020-04-05,108029.90
2020-04-06,108630.16
2020-04-07,108285.37
2020-04-08,108556.73
2020-04-09,108233.12
2020-04-10,108164.16
2020-04-12,108164.16
2020-04-13,108542.89
2020-04-14,108002.04
2020-04-15,108576.80
2020-04-16,108684.59
2020-04-17,108483.72
2020-04-19,108485.75
2020-04-20,108715.30
2020-04-21,108731.68
2020-04-22,108659.70
2020-04-23,109007.35
2020-04-24,108820.14
2020-04-26,108824.13
2020-04-27,108871.69
2020-04-28,109097.60
2020-04-29,108990.83
2020-04-30,108931.12
2020-05-01,108456.79
2020-05-03,108454.47
2020-05-04,108451.56
2020-05-05,108672.72
2020-05-06,108886.54
2020-05-07,109347.24
2020-05-08,109183.75
2020-05-10,109178.50
2020-05-11,108828.72
2020-05-12,108574.03
2020-05-13,108547.56
2020-05-14,108417.79
2020-05-15,107969.03
2020-05-17,107969.03
2020-05-18,108388.95
2020-05-19,108582.99
2020-05-20,108316.44
2020-05-21,108407.24
2020-05-22,108669.01
2020-05-24,108673.34
2020-05-25,108684.56
2020-05-26,108469.97
2020-05-27,108181.61
2020-05-28,108532.27
2020-05-29,108177.32
2020-05-31,108182.15
2020-06-01,108640.72
2020-06-02,108468.42
2020-06-03,108530.42
2020-06-04,108195.18
2020-06-05,108522.17
2020-06-07,108526.55
2020-06-08,108520.92
2020-06-09,108000.48
2020-06-10,108070.47
2020-06-11,107547.44
2020-06-12,107463.11
2020-06-14,107475.39
2020-06-15,107615.97
2020-06-16,107679.52
2020-06-17,108492.98
2020-06-18,108715.21
2020-06-19,108883.20
2020-06-21,108883.20
2020-06-22,108892.98
2020-06-23,108653.67
2020-06-24,108734.94
2020-06-25,108875.14
